EMPLOYEE_CODE,FIRST_NAME,FIRST_NAME_MB,LAST_NAME,LAST_NAME_MB,DATE_HIRED,TERMINATION_DATE,TERMINATION_CODE,BIRTH_DATE,GENDER_CODE,WORK_PHONE,EXTENSION,FAX,EMAIL,SSN,COMMUTE_TIME
10017,Fritz,Fritz,Hirsch,Hirsch,00:00.0,0001-01-01 00:00:00.0,150,00:00.0,0,'+(49) 89 882 3456,3982,'+(49) 89 882 3455,FHirsch@grtd123.com,247-40-6507,34
10018,Jörg,Jörg,Kunze,Kunze,00:00.0,0001-01-01 00:00:00.0,150,00:00.0,0,'+(49) 89 882 3456,3981,'+(49) 89 882 3455,JKunze@grtd123.com,456-44-1253,14
10019,Silvano,Silvano,Allessori,Allessori,00:00.0,0001-01-01 00:00:00.0,150,00:00.0,0,'+(39) 02 79 53 780,7980,'+(39) 02 79 53 477,SAllessori@grtd123.com,787-66-2430,26
10020,Maria,Maria,Iacobucci,Iacobucci,00:00.0,0001-01-01 00:00:00.0,150,00:00.0,1,'+(39) 02 79 53 780,7979,'+(39) 02 79 53 477,MIacobucci@grtd123.com,440-40-8897,34
10021,Alessandra,Alessandra,Torta,Torta,00:00.0,0001-01-01 00:00:00.0,150,00:00.0,1,'+(39) 02 79 53 780,7978,'+(39) 02 79 53 477,ATorta@grtd123.com,754-40-5727,32
10022,Belinda,Belinda,Jansen-Velasquez,Jansen-Velasquez,00:00.0,0001-01-01 00:00:00.0,150,00:00.0,1,'+31 (0)20 692 93 94,6977,'+31 (0)20 692 93 06,BJansen-Velasquez@grtd123.com,196-82-0685,7
10023,Ellen,Ellen,Shapiro,Shapiro,00:00.0,0001-01-01 00:00:00.0,150,00:00.0,1,'+31 (0)20 692 93 94,6976,'+31 (0)20 692 93 06,EShapiro@grtd123.com,886-33-8871,23
10024,Jan,Jan,Haverkamp,Haverkamp,00:00.0,0001-01-01 00:00:00.0,150,00:00.0,0,'+31 (0)20 692 93 94,6975,'+31 (0)20 692 93 06,JHaverkamp@grtd123.com,826-89-1118,24
10025,Kick,Kick,Kalkman,Kalkman,00:00.0,0001-01-01 00:00:00.0,150,00:00.0,0,'+31 (0)20 692 93 94,6974,'+31 (0)20 692 93 06,KKalkman@grtd123.com,625-60-4005,28
10085,Akemi,明美,Yamada,山田,00:00.0,0001-01-01 00:00:00.0,150,00:00.0,1,81-3-6259-6601,8914,81-3-6208-4445,AYamada@grtd123.com,387-34-8120,24
10087,Kazumi,和美,Uragome,裏込,00:00.0,0001-01-01 00:00:00.0,150,00:00.0,1,81-6-616-5656,8912,81-6-616-5657,KUragome@grtd123.com,539-92-0259,28
10088,Masuzo,益三,Kakui,角井,00:00.0,0001-01-01 00:00:00.0,150,00:00.0,0,81-6-616-5656,8911,81-6-616-5657,MKakui@grtd123.com,231-02-8834,21
10089,Alice,Alice,Walter,Walter,00:00.0,0001-01-01 00:00:00.0,150,00:00.0,1,'+(61) 03 2982  4242,8910,'+(61) 03 2982  4243,AWalter@grtd123.com,432-14-5076,23
10090,Dave,Dave,Smythe,Smythe,00:00.0,0001-01-01 00:00:00.0,150,00:00.0,0,'+(61) 03 2982  4242,8909,'+(61) 03 2982  4243,DSmythe@grtd123.com,180-57-2690,31
10091,Donald,Donald,Ward,Ward,00:00.0,0001-01-01 00:00:00.0,150,00:00.0,0,'+(61) 03 2982  4242,8908,'+(61) 03 2982  4243,DWard@grtd123.com,786-76-4068,19
10092,Jake,Jake,Cartel,Cartel,00:00.0,0001-01-01 00:00:00.0,150,00:00.0,0,'+(61) 03 2982  4242,8907,'+(61) 03 2982  4243,JCartel@grtd123.com,599-38-2742,20
10093,John,John,Sinden,Sinden,00:00.0,0001-01-01 00:00:00.0,150,00:00.0,0,'+(61) 03 2982  4242,8906,'+(61) 03 2982  4243,JSinden@grtd123.com,248-47-7337,33
10094,Yolanda,Yolanda,Torres,Torres,00:00.0,0001-01-01 00:00:00.0,150,00:00.0,1,'+35 94 322 3540,7905,'+35 91 548 1637,YTorres@grtd123.com,724-34-7657,8
10122,Joseph,Joseph,Chouteau,Chouteau,00:00.0,0001-01-01 00:00:00.0,150,00:00.0,0,'+32 16 20.73.21,3877,'+32 16 20.73.32,JChouteau@grtd123.com,567-99-4638,27
10123,Willi,Willi,Seefelder,Seefelder,00:00.0,0001-01-01 00:00:00.0,150,00:00.0,0,'+(43) 13 79 56 32,7876,'+(43) 13 79 56 33,WSeefelder@grtd123.com,476-03-1662,23
10124,Sabine,Sabine,Grüner,Grüner,00:00.0,0001-01-01 00:00:00.0,150,00:00.0,1,'+(43) 13 79 56 32,7875,'+(43) 13 79 56 33,SGruner@grtd123.com,823-07-9566,14
10125,Laura,Laura,Bauer,Bauer,00:00.0,0001-01-01 00:00:00.0,150,00:00.0,1,1 (403) 232-5986,2874,1 (403) 232-5831,LBauer@grtd123.com,051-63-1515,13
10126,Dagmar,Dagmar,Samuelsen,Samuelsen,00:00.0,0001-01-01 00:00:00.0,150,00:00.0,0,1 (403) 232-5986,2873,1 (403) 232-5831,DSamuelsen@grtd123.com,110-63-0476,6
10127,Cirineo,Cirineo,Sanchez,Sanchez,00:00.0,0001-01-01 00:00:00.0,150,00:00.0,0,1 (305) 557-4810,2872,1 (305) 557-7650,CSanchez@grtd123.com,261-41-6016,26
10128,Gepetto,Gepetto,Perez,Perez,00:00.0,0001-01-01 00:00:00.0,150,00:00.0,0,'+(525) 549 6090,2871,'+(52) 549 6088,GPerez@grtd123.com,373-65-3719,26
10129,Pascal,Pascal,Lanuit,Lanuit,00:00.0,0001-01-01 00:00:00.0,150,00:00.0,0,1 (403) 232-5986,2870,1 (403) 232-5831,PLanuit@grtd123.com,844-33-1298,23
10130,Aron,Aron,Adelsvärd,Adelsvärd,00:00.0,0001-01-01 00:00:00.0,150,00:00.0,0,'+(46) 08 753 116,6869,'+(46) 08 752 592,AAdelsvard@grtd123.com,366-50-0852,44
10158,Johann,Johann,Wagner,Wagner,00:00.0,0001-01-01 00:00:00.0,150,00:00.0,0,'+(41) 17 12 13 14,3841,'+(41) 17 12 13 20,JWagner@grtd123.com,078-19-7111,34
10159,Isaac,Isaac,Brule,Brule,00:00.0,0001-01-01 00:00:00.0,150,00:00.0,0,'+(41) 17 12 13 14,3840,'+(41) 17 12 13 20,IBrule@grtd123.com,367-28-6576,22
10160,Jacques,Jacques,Burel,Burel,00:00.0,0001-01-01 00:00:00.0,150,00:00.0,0,'+32 16 20.73.21,3839,'+32 16 20.73.32,JBurel@grtd123.com,246-66-9708,17
10161,Yvette,Yvette,Lattrez,Lattrez,00:00.0,0001-01-01 00:00:00.0,150,00:00.0,1,'+(41) 17 12 13 14,3838,'+(41) 17 12 13 20,YLattrez@grtd123.com,876-94-2945,9
10162,Jules,Jules,Dauphin,Dauphin,00:00.0,0001-01-01 00:00:00.0,150,00:00.0,0,'+33 1 68 94 52 20,3837,'+33 1 68 94 56 60,JDauphin@grtd123.com,713-73-1770,26
10163,Friedrich,Friedrich,Bauer,Bauer,00:00.0,0001-01-01 00:00:00.0,150,00:00.0,0,'+(41) 17 12 13 14,3836,'+(41) 17 12 13 20,FBauer@grtd123.com,301-85-3354,32
10164,Michel,Michel,Labasilier,Labasilier,00:00.0,0001-01-01 00:00:00.0,150,00:00.0,0,'+33 4 52 26 33 88,3835,'+33 4 66 35 98 95,MLabasilier@grtd123.com,519-32-3920,26
10165,Georg,Georg,Schmuker,Schmuker,00:00.0,0001-01-01 00:00:00.0,150,00:00.0,0,'+(49) 40 663 1990,3834,'+(49) 40 663 4571,GSchmuker@grtd123.com,732-76-0981,15
10166,Stefano,Stefano,Bruno,Bruno,00:00.0,0001-01-01 00:00:00.0,150,00:00.0,0,'+(39) 02 79 53 780,7833,'+(39) 02 79 53 477,SBruno@grtd123.com,241-62-5326,22
10185,Rupert,Rupert,Rossi,Rossi,00:00.0,0001-01-01 00:00:00.0,150,00:00.0,0,'+(39) 02 79 53 780,7814,'+(39) 02 79 53 477,RRossi@grtd123.com,480-27-1411,6
10186,Salvatore,Salvatore,Russo,Russo,00:00.0,0001-01-01 00:00:00.0,150,00:00.0,0,'+(39) 02 79 53 780,7813,'+(39) 02 79 53 477,SRusso@grtd123.com,043-12-3984,13
10286,Maria,Maria,Schmidt,Schmidt,00:00.0,0001-01-01 00:00:00.0,150,00:00.0,1,'+(49) 89 882 3456,3713,'+(49) 89 882 3455,MSchmidt@grtd123.com,659-53-6709,7
10287,Anouk,Anouk,Petit,Petit,00:00.0,0001-01-01 00:00:00.0,150,00:00.0,1,'+(41) 17 12 13 14,3712,'+(41) 17 12 13 20,APetit@grtd123.com,021-34-7032,32
10288,Brigitte,Brigitte,Durand,Durand,00:00.0,0001-01-01 00:00:00.0,150,00:00.0,1,'+33 1 68 94 52 20,3711,'+33 1 68 94 56 60,BDurand@grtd123.com,177-62-4792,42
10289,Konrad,Konrad,Kramer,Kramer,00:00.0,0001-01-01 00:00:00.0,150,00:00.0,0,'+(43) 13 79 56 32,7710,'+(43) 13 79 56 33,KKramer@grtd123.com,849-76-4462,31
10290,Sidonia,Sidonia,Marino,Marino,00:00.0,0001-01-01 00:00:00.0,150,00:00.0,1,'+(39) 02 79 53 780,7709,'+(39) 02 79 53 477,SMarino@grtd123.com,206-37-8208,29
10291,Isabel,Isabel,Torres,Torres,00:00.0,0001-01-01 00:00:00.0,150,00:00.0,1,'+35 94 322 3540,7708,'+35 91 548 1637,ITorres@grtd123.com,846-88-8115,18
10328,Baltje,Baltje,Cloet,Cloet,00:00.0,0001-01-01 00:00:00.0,150,00:00.0,1,'+(41) 17 12 13 11,9671,'+(41) 17 12 61 82,BCloet@grtd123.com,277-84-0738,18
10329,Armando,Armando,Fusillo,Fusillo,00:00.0,0001-01-01 00:00:00.0,150,00:00.0,1,'+(41) 17 12 13 11,9670,'+(41) 17 12 61 82,AFusillo@grtd123.com,116-55-2162,27
10330,Bianca,Bianca,Agostini,Agostini,00:00.0,0001-01-01 00:00:00.0,150,00:00.0,1,'+(41) 17 12 13 11,9669,'+(41) 17 12 61 82,BAgostini@grtd123.com,076-53-9029,9
10331,Belinda,Belinda,Vento,Vento,00:00.0,0001-01-01 00:00:00.0,150,00:00.0,1,'+(41) 17 12 13 11,9668,'+(41) 17 12 61 82,BVento@grtd123.com,581-01-2587,28
10332,Caterina,Caterina,Pera,Pera,00:00.0,0001-01-01 00:00:00.0,150,00:00.0,1,'+(41) 17 12 13 11,9667,'+(41) 17 12 61 82,CPera@grtd123.com,893-91-7146,16
10333,Sarah,Sarah,Muller,Muller,00:00.0,0001-01-01 00:00:00.0,150,00:00.0,1,'+(41) 17 12 13 11,9666,'+(41) 17 12 61 82,SMuller@grtd123.com,869-41-8909,6
10334,Julia,Julia,Rader,Rader,00:00.0,0001-01-01 00:00:00.0,150,00:00.0,1,'+(41) 17 12 13 11,9665,'+(41) 17 12 61 82,JRader@grtd123.com,313-04-5480,31
10335,Brigitte,Brigitte,Zumwald,Zumwald,00:00.0,0001-01-01 00:00:00.0,150,00:00.0,1,'+(41) 17 12 13 11,9664,'+(41) 17 12 61 82,BZumwald@grtd123.com,023-79-2315,21
10336,Anja,Anja,Albrecht,Albrecht,00:00.0,0001-01-01 00:00:00.0,150,00:00.0,1,'+(41) 17 12 13 11,9663,'+(41) 17 12 61 82,AAlbrecht@grtd123.com,061-30-4037,7
10373,Ming,Ming,Li,李,00:00.0,0001-01-01 00:00:00.0,150,00:00.0,0,1 (403) 232-5986,2626,1 (403) 232-5831,MLi@grtd123.com,592-16-5138,7
10374,David,David,Piper,Piper,00:00.0,0001-01-01 00:00:00.0,150,00:00.0,0,1 (403) 232-5986,2625,1 (403) 232-5831,DPiper@grtd123.com,193-34-1295,31
10375,Lloyd,Lloyd,Pino,Pino,00:00.0,0001-01-01 00:00:00.0,150,00:00.0,0,1 (403) 232-5986,2624,1 (403) 232-5831,LPino@grtd123.com,491-25-7425,7
10376,Allen,Allen,Miller,Miller,00:00.0,0001-01-01 00:00:00.0,150,00:00.0,0,1 (403) 232-5986,2623,1 (403) 232-5831,AMiller@grtd123.com,631-71-3835,14
10458,Etienne,Etienne,Pujol,Pujol,00:00.0,0001-01-01 00:00:00.0,150,00:00.0,0,'+32 16 20.73.21,3541,'+32 16 20.73.32,EPujol@grtd123.com,415-82-3345,32
10459,Gianni,Gianni,Vertemati,Vertemati,00:00.0,0001-01-01 00:00:00.0,150,00:00.0,0,'+(41) 17 12 13 14,3540,'+(41) 17 12 13 20,GVertemati@grtd123.com,482-50-0572,20
10460,Daniel,Daniel,Hart,Hart,00:00.0,0001-01-01 00:00:00.0,150,00:00.0,0,'+(44) 181 2033144,3539,'+(44) 181 5030282,DHart@grtd123.com,661-92-4215,23
10461,Barbara,Barbara,Samuelsen,Samuelsen,00:00.0,0001-01-01 00:00:00.0,150,00:00.0,1,'+(49) 89 882 3456,3538,'+(49) 89 882 3455,BSamuelsen@grtd123.com,200-06-1639,29
10526,Donald,Donald,Neely,Neely,00:00.0,0001-01-01 00:00:00.0,150,00:00.0,0,'+(61) 03 2982  4242,8473,'+(61) 03 2982  4243,DNeely@grtd123.com,497-96-9983,28
10527,Jackie,Jackie,Fulford,Fulford,00:00.0,0001-01-01 00:00:00.0,150,00:00.0,1,'+(61) 03 2982  4242,8472,'+(61) 03 2982  4243,JFulford@grtd123.com,369-47-1014,21
10528,Pamela,Pamela,Taylor,Taylor,00:00.0,0001-01-01 00:00:00.0,150,00:00.0,1,'+(61) 03 2982  4242,8471,'+(61) 03 2982  4243,PTaylor@grtd123.com,200-60-5943,7
10529,Thomas,托马斯,Black,布莱克,00:00.0,0001-01-01 00:00:00.0,150,00:00.0,0,886-2-2975-1988,8470,886-2-2989-4978,TBlack@grtd123.com,555-76-8801,28
10530,Rebecca,Rebecca,Scott,Scott,00:00.0,0001-01-01 00:00:00.0,150,00:00.0,1,'+(61) 03 2982  4242,8469,'+(61) 03 2982  4243,RScott@grtd123.com,856-17-3150,25
10531,Keith,基思,Abbott,基思,00:00.0,0001-01-01 00:00:00.0,150,00:00.0,0,886-2-2975-1988,8468,886-2-2989-4978,KAbbott@grtd123.com,488-33-9287,32
10532,Dean,Dean,Campbell,Campbell,00:00.0,0001-01-01 00:00:00.0,150,00:00.0,0,'+(61) 03 2982  4242,8467,'+(61) 03 2982  4243,DCampbell@grtd123.com,812-31-0562,18
10533,Ron,Ron,Dawkins,Dawkins,00:00.0,0001-01-01 00:00:00.0,150,00:00.0,0,'+(61) 03 2982  4242,8466,'+(61) 03 2982  4243,RDawkins@grtd123.com,192-36-3145,51
10534,Catherine,Catherine,Fowlie,Fowlie,00:00.0,0001-01-01 00:00:00.0,150,00:00.0,1,'+(61) 03 2982  4242,8465,'+(61) 03 2982  4243,CFowlie@grtd123.com,765-59-9191,25
10580,Daiki,大輝,Watanabe,渡辺,00:00.0,0001-01-01 00:00:00.0,150,00:00.0,0,81-3-6259-6601,8419,81-3-6208-4445,DWatanabe@grtd123.com,181-34-8174,19
10581,Isamu,勇,Ito,伊藤,00:00.0,0001-01-01 00:00:00.0,150,00:00.0,0,81-6-616-5656,8418,81-6-616-5657,IIto@grtd123.com,376-48-4473,8
10582,Haruka,遥,Sato,佐藤,00:00.0,0001-01-01 00:00:00.0,150,00:00.0,1,81-6-616-5656,8417,81-6-616-5657,HSato@grtd123.com,257-13-1144,15
10583,Fumiko,文子,Saito,斎藤,00:00.0,0001-01-01 00:00:00.0,150,00:00.0,1,81-6-616-5656,8416,81-6-616-5657,FSaito@grtd123.com,442-64-4583,24
10584,Chi-San,지산,Lee,李,00:00.0,0001-01-01 00:00:00.0,150,00:00.0,0,82-2-778-6587,8415,82-2-778-6586,CLee@grtd123.com,572-49-7437,17
10585,Mal-Su,말수,Jung,정,00:00.0,0001-01-01 00:00:00.0,150,00:00.0,0,82-2-778-6587,8414,82-2-778-6586,MJung@grtd123.com,237-97-3112,33
10586,Hye-Yul,혜율,Choi,최,00:00.0,0001-01-01 00:00:00.0,150,00:00.0,1,82-2-778-6587,8413,82-2-778-6586,HChoi@grtd123.com,465-03-6005,32
10587,Kye-Song,계송,Cho,조,00:00.0,0001-01-01 00:00:00.0,150,00:00.0,0,82-2-778-6587,8412,82-2-778-6586,KCho@grtd123.com,828-94-8339,28
10588,Chi-Mi,지미,Kim,김,00:00.0,0001-01-01 00:00:00.0,150,00:00.0,1,82-2-778-6587,8411,82-2-778-6586,CKim1@grtd123.com,844-79-7854,27
10652,Saburo,三郎,Tanaka,田中,00:00.0,0001-01-01 00:00:00.0,150,00:00.0,0,81-6-616-5656,8347,81-6-616-5657,STanaka@grtd123.com,452-38-0897,16
10653,Meifeng,美鳳,Toh,桌,00:00.0,0001-01-01 00:00:00.0,150,00:00.0,1,886-2-2975-1988,8346,886-2-2989-4978,MToh@grtd123.com,249-66-5085,39
10654,Liling,麗玲,Guo,郭,00:00.0,0001-01-01 00:00:00.0,150,00:00.0,1,86-21-6790-5612,8345,86-21-6790-5612,LGuo@grtd123.com,521-51-3264,20
10655,Hae-Un,해운,Son,손,00:00.0,0001-01-01 00:00:00.0,150,00:00.0,1,82-2-778-6587,8344,82-2-778-6586,HSon@grtd123.com,189-72-8592,19
10656,Rachel,Rachel,Borrill,Borrill,00:00.0,00:00.0,154,00:00.0,1,'+(61) 03 2982  4242,8229,'+(61) 03 2982  4243,RBorrill@grtd123.com,477-21-1789,30
10657,Simon,Simon,Dunbar,Dunbar,00:00.0,00:00.0,154,00:00.0,0,'+(61) 03 2982  4242,8230,'+(61) 03 2982  4243,SDunbar@grtd123.com,381-16-5502,22
10658,Jayne,Jayne,Mender,Mender,00:00.0,00:00.0,152,00:00.0,1,'+(61) 03 2982  4242,8231,'+(61) 03 2982  4243,JMender@grtd123.com,559-69-7462,36
10659,Chiang,尚穆加姆,Shanmugam,尚穆加姆,00:00.0,00:00.0,152,00:00.0,0,886-2-2975-1988,8222,886-2-2989-4978,CShanmugam@grtd123.com,515-96-6771,39
10660,Suresh,威鲁,Veloo,威鲁,00:00.0,0001-01-01 00:00:00.0,150,00:00.0,0,886-2-2975-1988,8223,886-2-2989-4978,SVeloo@grtd123.com,878-15-4998,20
10717,Vern,Vern,Ritchie,Ritchie,00:00.0,00:00.0,152,00:00.0,0,1 (310) 281-5722,2282,1 (310) 281-9087,VRitchie@grtd123.com,248-90-1096,37
10718,Kouji,康嗣,Fujita,藤田,00:00.0,00:00.0,152,00:00.0,0,81-3-6259-6601,8281,81-3-6208-4445,KFujita@grtd123.com,860-93-5818,8
10719,Aila,Aila,Forssell,Forssell,00:00.0,00:00.0,152,00:00.0,1,'+358(0)17 - 433 127,6280,'+358(0)17 - 433 129,AForssell@grtd123.com,820-44-9114,39
10720,Meifeng,美鳳,Liao,廖,00:00.0,00:00.0,158,00:00.0,1,886-2-2975-1988,8279,886-2-2989-4978,MLiao@grtd123.com,567-82-7922,15
10721,Stan,Stan,Gardiner,Gardiner,00:00.0,00:00.0,152,00:00.0,0,'+(44) 181 2033144,3278,'+(44) 181 5030282,SGardiner@grtd123.com,780-65-1666,19
10722,Hugues,Hugues,Kieran,Kieran,00:00.0,00:00.0,152,00:00.0,0,'+(44) 121 3505267,3277,'+(44) 121 3583843,HKieran@grtd123.com,880-99-5620,18
10723,Daniel,Daniel,Landen,Landen,00:00.0,00:00.0,152,00:00.0,0,'+(44) 121 3505267,3276,'+(44) 121 3583843,DLanden@grtd123.com,718-49-0262,7
10282,Marie,Marie,Richter,Richter,00:00.0,0001-01-01 00:00:00.0,150,00:00.0,1,'+(41) 17 12 13 14,3717,'+(41) 17 12 13 20,MRichter@grtd123.com,134-50-9008,40
10301,Zola,Zola,Ricci,Ricci,00:00.0,0001-01-01 00:00:00.0,150,00:00.0,1,'+(39) 02 79 53 780,7698,'+(39) 02 79 53 477,ZRicci@grtd123.com,627-70-3478,17
10302,Ava,Ava,Anuschek,Anuschek,00:00.0,0001-01-01 00:00:00.0,150,00:00.0,1,'+(43) 13 79 56 32,7697,'+(43) 13 79 56 33,AAnuschek@grtd123.com,404-06-2831,24
10303,Flora,Flora,De Luca,De Luca,00:00.0,0001-01-01 00:00:00.0,150,00:00.0,1,'+(39) 02 79 53 780,7696,'+(39) 02 79 53 477,FDeLuca@grtd123.com,433-11-1278,10
10304,Arabela,Arabela,Ferrari,Ferrari,00:00.0,0001-01-01 00:00:00.0,150,00:00.0,1,'+(39) 02 79 53 780,7695,'+(39) 02 79 53 477,AFerrari@grtd123.com,761-19-5395,30
10305,Leonie,Leonie,Zumwald,Zumwald,00:00.0,0001-01-01 00:00:00.0,150,00:00.0,1,'+(43) 13 79 56 32,7694,'+(43) 13 79 56 33,LZumwald@grtd123.com,153-08-0168,22
10306,Ada,Ada,Morales,Morales,00:00.0,0001-01-01 00:00:00.0,150,00:00.0,1,'+35 94 322 3540,7693,'+35 91 548 1637,AMorales@grtd123.com,395-66-7047,30
10307,Agatha,Agatha,Reyes,Reyes,00:00.0,0001-01-01 00:00:00.0,150,00:00.0,1,'+35 94 322 3540,7692,'+35 91 548 1637,AReyes@grtd123.com,656-56-2532,19
10308,Adriana,Adriana,Iacobucci,Iacobucci,00:00.0,0001-01-01 00:00:00.0,150,00:00.0,1,'+(41) 17 12 13 11,9691,'+(41) 17 12 61 82,AIacobucci@grtd123.com,489-98-3957,31
10309,Diane,Diane,Simon,Simon,00:00.0,0001-01-01 00:00:00.0,150,00:00.0,1,'+(41) 17 12 13 11,9690,'+(41) 17 12 61 82,DSimon@grtd123.com,836-86-2183,36
10364,Scott,Scott,Brown,Brown,00:00.0,0001-01-01 00:00:00.0,150,00:00.0,0,1 (403) 232-5986,2635,1 (403) 232-5831,SBrown@grtd123.com,065-55-0757,18
10365,Dennis,Dennis,Bergman,Bergman,00:00.0,0001-01-01 00:00:00.0,150,00:00.0,0,1 (403) 232-5986,2634,1 (403) 232-5831,DBergman@grtd123.com,280-56-0056,35
10366,Dale,Dale,Thomas,Thomas,00:00.0,0001-01-01 00:00:00.0,150,00:00.0,0,1 (403) 232-5986,2633,1 (403) 232-5831,DThomas@grtd123.com,688-80-8096,21
10367,Diane,Diane,Peterson,Peterson,00:00.0,0001-01-01 00:00:00.0,150,00:00.0,1,1 (403) 232-5986,2632,1 (403) 232-5831,DPeterson@grtd123.com,585-14-4296,30
10368,Maria,Maria,Boscolo,Boscolo,00:00.0,0001-01-01 00:00:00.0,150,00:00.0,1,1 (403) 232-5986,2631,1 (403) 232-5831,MBoscolo@grtd123.com,006-05-8645,9
10369,Antonio,Antonio,Casares,Casares,00:00.0,0001-01-01 00:00:00.0,150,00:00.0,0,'+(525) 549 6090,2630,'+(52) 549 6088,ACasares@grtd123.com,057-65-8953,27
10370,Gordon,Gordon,Smith,Smith,00:00.0,0001-01-01 00:00:00.0,150,00:00.0,0,1 (403) 232-5986,2629,1 (403) 232-5831,GSmith@grtd123.com,035-02-6981,12
10371,Paula,Paula,Kane,Kane,00:00.0,0001-01-01 00:00:00.0,150,00:00.0,1,1 (403) 232-5986,2628,1 (403) 232-5831,PKane@grtd123.com,721-36-9380,18
10372,John,John,Long,Long,00:00.0,0001-01-01 00:00:00.0,150,00:00.0,0,1 (403) 232-5986,2627,1 (403) 232-5831,JLong@grtd123.com,436-31-2506,9
10700,Amaury,Amaury,Moreau,Moreau,00:00.0,00:00.0,152,00:00.0,0,'+(41) 17 12 13 11,9299,'+(41) 17 12 61 82,AMoreau@grtd123.com,185-43-2532,59
10701,Gretchen,Gretchen,Goetschy,Goetschy,00:00.0,00:00.0,158,00:00.0,1,'+(49) 89 882 3456,3298,'+(49) 89 882 3455,GGoetschy@grtd123.com,453-27-0934,34
10702,Rolf,Rolf,Erler,Erler,00:00.0,00:00.0,158,00:00.0,0,'+(41) 17 12 13 11,9297,'+(41) 17 12 61 82,RErler@grtd123.com,151-80-3381,28
10029,Irene,Irene,Engelbrektsson,Engelbrektsson,00:00.0,0001-01-01 00:00:00.0,150,00:00.0,1,'+(46) 08 753 116,6970,'+(46) 08 752 592,IEngelbrektsson@grtd123.com,133-22-0255,13
10030,Karin,Karin,Bergström,Bergström,00:00.0,0001-01-01 00:00:00.0,150,00:00.0,1,'+(46) 08 753 116,6969,'+(46) 08 752 592,KBergstrom@grtd123.com,465-22-4111,31
10043,Martine,Martine,Vachon,Vachon,00:00.0,0001-01-01 00:00:00.0,150,00:00.0,1,1 (403) 232-5986,2956,1 (403) 232-5831,MVachon@grtd123.com,294-60-7543,6
10044,Harold,Harold,Townsend,Townsend,00:00.0,0001-01-01 00:00:00.0,150,00:00.0,0,1 (403) 232-5986,2955,1 (403) 232-5831,HTownsend@grtd123.com,112-33-4406,17
10045,Sally,Sally,White,White,00:00.0,0001-01-01 00:00:00.0,150,00:00.0,1,1 (403) 232-5986,2954,1 (403) 232-5831,SWhite@grtd123.com,103-80-2398,32
10046,Sherry,Sherry,Rowland,Rowland,00:00.0,0001-01-01 00:00:00.0,150,00:00.0,1,1 (403) 232-5986,2953,1 (403) 232-5831,SRowland@grtd123.com,296-60-1625,35
10056,Rhonda,Rhonda,Cummings,Cummings,00:00.0,0001-01-01 00:00:00.0,150,00:00.0,1,1 (617) 268-6754,2943,1 (617) 268-3464,RCummings@grtd123.com,592-67-6194,22
10214,Denys,Denys,Brinkerhoff,Brinkerhoff,00:00.0,0001-01-01 00:00:00.0,150,00:00.0,0,'+(41) 17 12 13 11,9785,'+(41) 17 12 61 82,DBrinkerhoff@grtd123.com,618-82-4263,26
10215,Antje,Antje,Schwarz,Schwarz,00:00.0,0001-01-01 00:00:00.0,150,00:00.0,1,'+(41) 17 12 13 11,9784,'+(41) 17 12 61 82,ASchwarz@grtd123.com,271-26-7970,26
10216,Tim,Tim,Kessler,Kessler,00:00.0,0001-01-01 00:00:00.0,150,00:00.0,0,'+(41) 17 12 13 11,9783,'+(41) 17 12 61 82,TKessler@grtd123.com,405-76-9996,21
10217,David,David,Kunstler,Kunstler,00:00.0,0001-01-01 00:00:00.0,150,00:00.0,0,'+(41) 17 12 13 11,9782,'+(41) 17 12 61 82,DKunstler@grtd123.com,137-99-1506,28
10218,Jan,Jan,Reiter,Reiter,00:00.0,0001-01-01 00:00:00.0,150,00:00.0,0,'+(41) 17 12 13 11,9781,'+(41) 17 12 61 82,JReiter@grtd123.com,551-83-2359,35
10219,Alfonso,Alfonso,Mörike,Mörike,00:00.0,0001-01-01 00:00:00.0,150,00:00.0,0,'+(41) 17 12 13 11,9780,'+(41) 17 12 61 82,AMorike@grtd123.com,862-40-2060,15
10256,Nuria,Nuria,Vega,Vega,00:00.0,0001-01-01 00:00:00.0,150,00:00.0,1,'+(525) 549 6090,2743,'+(52) 549 6088,NVega@grtd123.com,781-17-1824,27
10257,Eva,Eva,Delgado,Delgado,00:00.0,0001-01-01 00:00:00.0,150,00:00.0,1,'+(525) 549 6090,2742,'+(52) 549 6088,EDelgado@grtd123.com,485-05-0311,20
10258,Anna,Anna,Valdez,Valdez,00:00.0,0001-01-01 00:00:00.0,150,00:00.0,1,'+(525) 549 6090,2741,'+(52) 549 6088,AValdez@grtd123.com,778-79-0978,9
10259,Kerstin,Kerstin,Lagerskiöld,Lagerskiöld,00:00.0,0001-01-01 00:00:00.0,150,00:00.0,1,'+(46) 08 753 116,6740,'+(46) 08 752 592,KLagerskiold@grtd123.com,468-99-1452,9
10260,Klara,Klara,Leijonhufvud,Leijonhufvud,00:00.0,0001-01-01 00:00:00.0,150,00:00.0,1,'+(46) 08 753 116,6739,'+(46) 08 752 592,KLeijonhufvud@grtd123.com,544-63-8682,24
10261,Anneken,Anneken,Eikenboom,Eikenboom,00:00.0,0001-01-01 00:00:00.0,150,00:00.0,1,'+31 (0)20 692 93 94,6738,'+31 (0)20 692 93 06,AEikenboom@grtd123.com,868-16-6528,13
10262,Laura,Laura,Oxenhufwud,Oxenhufwud,00:00.0,0001-01-01 00:00:00.0,150,00:00.0,1,'+(46) 08 753 116,6737,'+(46) 08 752 592,LOxenhufwud@grtd123.com,787-91-3717,21
10263,Lena,Lena,Oxenstierna,Oxenstierna,00:00.0,0001-01-01 00:00:00.0,150,00:00.0,1,'+(46) 08 753 116,6736,'+(46) 08 752 592,LOxenstierna@grtd123.com,251-76-2051,18
10264,Lina,Lina,Ridderstolpe,Ridderstolpe,00:00.0,0001-01-01 00:00:00.0,150,00:00.0,1,'+(46) 08 753 116,6735,'+(46) 08 752 592,LRidderstolpe@grtd123.com,205-26-3939,22
10319,Astrid,Astrid,Richard,Richard,00:00.0,0001-01-01 00:00:00.0,150,00:00.0,1,'+(41) 17 12 13 11,9680,'+(41) 17 12 61 82,ARichard@grtd123.com,537-26-9106,10
10320,Claire,Claire,Moreau,Moreau,00:00.0,0001-01-01 00:00:00.0,150,00:00.0,1,'+(41) 17 12 13 11,9679,'+(41) 17 12 61 82,CMoreau@grtd123.com,113-99-3685,24
10321,Colette,Colette,Dubois,Dubois,00:00.0,0001-01-01 00:00:00.0,150,00:00.0,1,'+(41) 17 12 13 11,9678,'+(41) 17 12 61 82,CDubois@grtd123.com,854-90-1564,27
10322,Danielle,Danielle,Robert,Robert,00:00.0,0001-01-01 00:00:00.0,150,00:00.0,1,'+(41) 17 12 13 11,9677,'+(41) 17 12 61 82,DRobert@grtd123.com,168-76-2932,17
10537,Baojia,保家,Chén,陳,00:00.0,0001-01-01 00:00:00.0,150,00:00.0,0,886-2-2975-1988,8462,886-2-2989-4978,BChen@grtd123.com,717-44-7984,18
10538,Cheng,成,Zhào,趙,00:00.0,0001-01-01 00:00:00.0,150,00:00.0,0,86-21-6790-5612,8461,86-21-6790-5612,CZhao@grtd123.com,798-67-0158,29
10539,Baozhen,寶珍,Yáng,楊,00:00.0,0001-01-01 00:00:00.0,150,00:00.0,1,86-21-6790-5612,8460,86-21-6790-5612,BYang@grtd123.com,428-60-9416,24
10540,Anling,安玲,Zhang,張,00:00.0,0001-01-01 00:00:00.0,150,00:00.0,1,886-2-2975-1988,8459,886-2-2989-4978,AZhang@grtd123.com,298-04-6202,15
10541,Wenhui,文慧,Hé,何,00:00.0,0001-01-01 00:00:00.0,150,00:00.0,1,886-2-2975-1988,8458,886-2-2989-4978,WHe@grtd123.com,091-43-1694,12
10542,Wu,武,Gao,高,00:00.0,0001-01-01 00:00:00.0,150,00:00.0,0,86-21-6790-5612,8457,86-21-6790-5612,WGao@grtd123.com,481-63-4167,22
10187,Eco,Eco,Gonzales,Gonzales,00:00.0,0001-01-01 00:00:00.0,150,00:00.0,0,'+35 94 322 3540,7812,'+35 91 548 1637,EGonzales@grtd123.com,385-96-3676,23
10188,Dieter,Dieter,Vertemati,Vertemati,00:00.0,0001-01-01 00:00:00.0,150,00:00.0,0,'+(49) 40 663 1990,3811,'+(49) 40 663 4571,DVertemati@grtd123.com,246-70-1444,12
10189,Sergio,Sergio,Ferrari,Ferrari,00:00.0,0001-01-01 00:00:00.0,150,00:00.0,0,'+(39) 02 79 53 780,7810,'+(39) 02 79 53 477,SFerrari@grtd123.com,515-92-0689,11
10190,Mario,Mario,Esposito,Esposito,00:00.0,0001-01-01 00:00:00.0,150,00:00.0,0,'+(39) 02 79 53 780,7809,'+(39) 02 79 53 477,MEsposito@grtd123.com,396-87-9240,23
10241,Wilbur,Wilbur,Baldock,Baldock,00:00.0,0001-01-01 00:00:00.0,150,00:00.0,0,'+(41) 17 12 13 11,9758,'+(41) 17 12 61 82,WBaldock@grtd123.com,008-50-5390,6
10242,Warren,Warren,Chambers,Chambers,00:00.0,0001-01-01 00:00:00.0,150,00:00.0,0,'+(41) 17 12 13 11,9757,'+(41) 17 12 61 82,WChambers@grtd123.com,727-70-8722,13
10243,Warner,Warner,Schulz,Schulz,00:00.0,0001-01-01 00:00:00.0,150,00:00.0,0,'+(41) 17 12 13 11,9756,'+(41) 17 12 61 82,WSchulz@grtd123.com,124-67-6937,15
10244,Strom,Strom,Schleimer,Schleimer,00:00.0,0001-01-01 00:00:00.0,150,00:00.0,0,'+(41) 17 12 13 11,9755,'+(41) 17 12 61 82,SSchleimer@grtd123.com,859-31-8513,31
10245,Roderick,Roderick,Albiñana,Albiñana,00:00.0,0001-01-01 00:00:00.0,150,00:00.0,0,'+(41) 17 12 13 11,9754,'+(41) 17 12 61 82,RAlbinana@grtd123.com,898-45-7812,27
10703,Tresa,Tresa,Seefelder,Seefelder,00:00.0,00:00.0,158,00:00.0,1,'+(41) 17 12 13 11,9296,'+(41) 17 12 61 82,TSeefelder@grtd123.com,843-68-4185,12
10704,Chiyo,千代,Tanaka,田中,00:00.0,00:00.0,152,00:00.0,1,81-3-6259-6601,8295,81-3-6208-4445,CTanaka@grtd123.com,043-45-2771,46
10706,Haruka,遥,Kobayashi,小林,00:00.0,00:00.0,158,00:00.0,1,81-6-616-5656,8293,81-6-616-5657,HKobayashi@grtd123.com,197-81-2568,12
10707,Hye-Yul,혜율,Gang,강,00:00.0,00:00.0,158,00:00.0,1,82-2-778-6587,8292,82-2-778-6586,HGang@grtd123.com,816-29-0306,16
10783,Akira,彰,Hashimoto,橋本,00:00.0,00:00.0,152,00:00.0,1,81-6-616-5656,8216,81-6-616-5657,AHashimoto@grtd123.com,814-15-3179,5
10784,Nanami,七海,Yamashita,山下,00:00.0,00:00.0,154,00:00.0,1,81-3-6259-6601,8215,81-3-6208-4445,NYamashita@grtd123.com,803-27-7602,16
10026,Maria,Maria,Laponder,Laponder,00:00.0,0001-01-01 00:00:00.0,150,00:00.0,1,'+31 (0)20 692 93 94,6973,'+31 (0)20 692 93 06,MLaponder@grtd123.com,108-37-4268,22
10027,Anders,Anders,Nilsson,Nilsson,00:00.0,0001-01-01 00:00:00.0,150,00:00.0,0,'+(46) 08 753 116,6972,'+(46) 08 752 592,ANilsson@grtd123.com,500-87-7665,34
10028,Bengt,Bengt,Gradin,Gradin,00:00.0,0001-01-01 00:00:00.0,150,00:00.0,0,'+(46) 08 753 116,6971,'+(46) 08 752 592,BGradin@grtd123.com,295-97-6626,26
10191,Maximilian,Maximilian,Saltzman,Saltzman,00:00.0,0001-01-01 00:00:00.0,150,00:00.0,0,'+(41) 17 12 13 11,9808,'+(41) 17 12 61 82,MSaltzman@grtd123.com,517-64-1825,24
10192,Alexander,Alexander,Schmuker,Schmuker,00:00.0,0001-01-01 00:00:00.0,150,00:00.0,0,'+(41) 17 12 13 11,9807,'+(41) 17 12 61 82,ASchmuker@grtd123.com,163-40-0722,13
10193,Paul,Paul,Schlosser,Schlosser,00:00.0,0001-01-01 00:00:00.0,150,00:00.0,0,'+(41) 17 12 13 11,9806,'+(41) 17 12 61 82,PSchlosser@grtd123.com,564-39-2693,21
10238,Agnelo,Agnelo,Chavez,Chavez,00:00.0,0001-01-01 00:00:00.0,150,00:00.0,0,'+(41) 17 12 13 11,9761,'+(41) 17 12 61 82,AChavez@grtd123.com,751-40-4614,29
10239,Alessio,Alessio,Vasquez,Vasquez,00:00.0,0001-01-01 00:00:00.0,150,00:00.0,0,'+(41) 17 12 13 11,9760,'+(41) 17 12 61 82,AVasquez@grtd123.com,697-52-8177,13
10240,Ariel,Ariel,Castillo,Castillo,00:00.0,0001-01-01 00:00:00.0,150,00:00.0,0,'+(41) 17 12 13 11,9759,'+(41) 17 12 61 82,ACastillo@grtd123.com,577-64-9435,26
10112,Josef,Josef,Lopez,Lopez,00:00.0,0001-01-01 00:00:00.0,150,00:00.0,0,'+(44) 121 3505267,3887,'+(44) 121 3583843,JLopez@grtd123.com,610-88-7692,23
10274,Aimée,Aimée,Quinones,Quinones,00:00.0,0001-01-01 00:00:00.0,150,00:00.0,1,'+33 1 68 94 52 20,3725,'+33 1 68 94 56 60,AQuinones@grtd123.com,675-42-0857,26
10275,Adrienne,Adrienne,Roche,Roche,00:00.0,0001-01-01 00:00:00.0,150,00:00.0,1,'+33 1 68 94 52 20,3724,'+33 1 68 94 56 60,ARoche@grtd123.com,719-53-3325,18
10276,Lena,Lena,Bauman,Bauman,00:00.0,0001-01-01 00:00:00.0,150,00:00.0,1,'+(41) 17 12 13 14,3723,'+(41) 17 12 13 20,LBauman@grtd123.com,023-63-4774,33
10277,Katharina,Katharina,Lehrer,Lehrer,00:00.0,0001-01-01 00:00:00.0,150,00:00.0,1,'+(41) 17 12 13 14,3722,'+(41) 17 12 13 20,KLehrer@grtd123.com,844-73-7715,32
10278,Johanna,Johanna,Krieger,Krieger,00:00.0,0001-01-01 00:00:00.0,150,00:00.0,1,'+(49) 89 882 3456,3721,'+(49) 89 882 3455,JKrieger@grtd123.com,263-82-2543,31
10279,Leah,Leah,Albrecht,Albrecht,00:00.0,0001-01-01 00:00:00.0,150,00:00.0,1,'+(41) 17 12 13 14,3720,'+(41) 17 12 13 20,LAlbrecht@grtd123.com,859-74-5435,7
10280,Amélie,Amélie,Bernard,Bernard,00:00.0,0001-01-01 00:00:00.0,150,00:00.0,1,'+33 1 68 94 52 20,3719,'+33 1 68 94 56 60,ABernard@grtd123.com,802-66-3104,19
10281,Anastasie,Anastasie,Thomas,Thomas,00:00.0,0001-01-01 00:00:00.0,150,00:00.0,1,'+33 4 52 26 33 88,3718,'+33 4 66 35 98 95,AThomas@grtd123.com,147-80-5321,21
10426,Susan,Susan,Vermeeren,Vermeeren,00:00.0,0001-01-01 00:00:00.0,150,00:00.0,1,'+31 (0)20 692 93 94,6573,'+31 (0)20 692 93 06,SVermeeren@grtd123.com,365-04-7104,29
10427,Michael,Michael,Frie,Frie,00:00.0,0001-01-01 00:00:00.0,150,00:00.0,0,'+(46) 08 753 116,6572,'+(46) 08 752 592,MFrie@grtd123.com,053-08-3755,13
10428,Harri,Harri,Lindfors,Lindfors,00:00.0,0001-01-01 00:00:00.0,150,00:00.0,0,'+358(0)17 - 433 127,6571,'+358(0)17 - 433 129,HLindfors@grtd123.com,387-60-8717,34
10429,Jan,Jan,Örndahl,Örndahl,00:00.0,0001-01-01 00:00:00.0,150,00:00.0,0,'+358(0)17 - 433 127,6570,'+358(0)17 - 433 129,JOrndahl@grtd123.com,220-91-7430,35
10430,Kim,Kim,Lindgren,Lindgren,00:00.0,0001-01-01 00:00:00.0,150,00:00.0,1,'+(46) 08 753 116,6569,'+(46) 08 752 592,KLindgren@grtd123.com,536-87-5270,6
10431,Frans,Frans,Vreede,Vreede,00:00.0,0001-01-01 00:00:00.0,150,00:00.0,0,'+(46) 08 753 116,6568,'+(46) 08 752 592,FVreede@grtd123.com,605-25-6887,36
10432,Pieter,Pieter,Berg,Berg,00:00.0,0001-01-01 00:00:00.0,150,00:00.0,0,'+31 (0)20 692 93 94,6567,'+31 (0)20 692 93 06,PBerg@grtd123.com,668-52-7320,27
10433,Frederieke,Frederieke,Leeflang,Leeflang,00:00.0,0001-01-01 00:00:00.0,150,00:00.0,0,'+31 (0)20 692 93 94,6566,'+31 (0)20 692 93 06,FLeeflang@grtd123.com,221-95-8908,22
10434,Hans,Hans,Sachse,Sachse,00:00.0,0001-01-01 00:00:00.0,150,00:00.0,0,'+(46) 08 753 116,6565,'+(46) 08 752 592,HSachse@grtd123.com,175-99-2666,12
10499,Vanessa,Vanessa,Blackmore,Blackmore,00:00.0,0001-01-01 00:00:00.0,150,00:00.0,1,'+(41) 17 12 13 11,9500,'+(41) 17 12 61 82,VBlackmore@grtd123.com,220-65-9977,12
10500,Anne,Anne,Baldock,Baldock,00:00.0,0001-01-01 00:00:00.0,150,00:00.0,1,'+(41) 17 12 13 11,9499,'+(41) 17 12 61 82,ABaldock@grtd123.com,268-71-9544,27
10501,Edouard,Edouard,Didier,Didier,00:00.0,0001-01-01 00:00:00.0,150,00:00.0,0,'+(41) 17 12 13 11,9498,'+(41) 17 12 61 82,EDidier@grtd123.com,858-64-2023,13
10502,Julia,Julia,Schulz,Schulz,00:00.0,0001-01-01 00:00:00.0,150,00:00.0,1,'+(41) 17 12 13 11,9497,'+(41) 17 12 61 82,JSchulz@grtd123.com,018-94-9978,29
10503,André,André,Marc,Marc,00:00.0,0001-01-01 00:00:00.0,150,00:00.0,0,'+(41) 17 12 13 11,9496,'+(41) 17 12 61 82,AMarc@grtd123.com,813-18-2869,11
10504,Pierre,Pierre,Schleimer,Schleimer,00:00.0,0001-01-01 00:00:00.0,150,00:00.0,0,'+(41) 17 12 13 11,9495,'+(41) 17 12 61 82,PSchleimer@grtd123.com,807-55-9738,19
10505,Silvia,Silvia,Lazzeretti,Lazzeretti,00:00.0,0001-01-01 00:00:00.0,150,00:00.0,1,'+(41) 17 12 13 11,9494,'+(41) 17 12 61 82,SLazzeretti@grtd123.com,518-24-1012,22
10506,Sylvia,Sylvia,Elsen,Elsen,00:00.0,0001-01-01 00:00:00.0,150,00:00.0,1,'+(41) 17 12 13 11,9493,'+(41) 17 12 61 82,SElsen@grtd123.com,521-60-3683,25
10507,Julian,Julian,Harris,Harris,00:00.0,0001-01-01 00:00:00.0,150,00:00.0,0,'+(41) 17 12 13 11,9492,'+(41) 17 12 61 82,JHarris@grtd123.com,008-07-7679,35
10562,Ren,蓮,Shimizu,清水,00:00.0,0001-01-01 00:00:00.0,150,00:00.0,0,81-3-6259-6601,8437,81-3-6208-4445,RShimizu@grtd123.com,240-99-7065,19
10057,Samantha,Samantha,Floyd,Floyd,00:00.0,0001-01-01 00:00:00.0,150,00:00.0,1,1 (206) 292-0012,2942,1 (206) 292-3312,SFloyd@grtd123.com,169-99-7604,19
10058,Ashley,Ashley,McCormick,McCormick,00:00.0,0001-01-01 00:00:00.0,150,00:00.0,0,1 (403) 232-5986,2941,1 (403) 232-5831,AMcCormick@grtd123.com,060-80-6681,33
10059,Audrey,Audrey,Lastman,Lastman,00:00.0,0001-01-01 00:00:00.0,150,00:00.0,1,1 (206) 292-0012,2940,1 (206) 292-3312,ALastman@grtd123.com,451-46-0500,11
10060,Bart,Bart,Scott,Scott,00:00.0,0001-01-01 00:00:00.0,150,00:00.0,0,1 (206) 292-0012,2939,1 (206) 292-3312,BScott@grtd123.com,439-04-2148,26
10061,Julie,Julie,Olsen,Olsen,00:00.0,0001-01-01 00:00:00.0,150,00:00.0,1,1 (310) 281-5722,2938,1 (310) 281-9087,JOlsen@grtd123.com,569-01-0870,18
10062,Ken,Ken,Chambers,Chambers,00:00.0,0001-01-01 00:00:00.0,150,00:00.0,0,1 (617) 268-6754,2937,1 (617) 268-3464,KChambers@grtd123.com,372-15-6621,21
10063,Chad,Chad,Michaels,Michaels,00:00.0,0001-01-01 00:00:00.0,150,00:00.0,0,1 (310) 281-5722,2936,1 (310) 281-9087,CMichaels@grtd123.com,629-37-0780,17
10064,Maureen,Maureen,Hoffman,Hoffman,00:00.0,0001-01-01 00:00:00.0,150,00:00.0,1,1 (310) 281-5722,2935,1 (310) 281-9087,MHoffman@grtd123.com,184-43-4119,15
10095,Tomás,Tomás,Iglesias,Iglesias,00:00.0,0001-01-01 00:00:00.0,150,00:00.0,0,'+35 94 322 3540,7904,'+35 91 548 1637,TIglesias@grtd123.com,251-49-6191,27
10096,Bayard,Bayard,Lopes,Lopes,00:00.0,0001-01-01 00:00:00.0,150,00:00.0,0,'+55 (11) 344-4444,2903,'+55 (11) 333-2223,BLopes@grtd123.com,138-31-3552,10
10097,Viviam,Viviam,Barros,Barros,00:00.0,00:00.0,154,00:00.0,1,'+55 (11) 344-4444,2902,'+55 (11) 333-2223,VBarros@grtd123.com,480-86-2172,24
10098,Eduardo,Eduardo,Guimarães,Guimarães,00:00.0,0001-01-01 00:00:00.0,150,00:00.0,0,'+55 (11) 344-4444,2901,'+55 (11) 333-2223,EGuimaraes@grtd123.com,688-22-3049,31
10099,Helena,Helena,Lindholm,Lindholm,00:00.0,0001-01-01 00:00:00.0,150,00:00.0,1,'+358(0)17 - 433 127,6900,'+358(0)17 - 433 129,HLindholm@grtd123.com,038-90-7316,14
10100,Tuomas,Tuomas,Savolainen,Savolainen,00:00.0,0001-01-01 00:00:00.0,150,00:00.0,0,'+358(0)17 - 433 127,6899,'+358(0)17 - 433 129,TSavolainen@grtd123.com,273-07-0970,7
10101,Chang-ho,창호,Kim,김,00:00.0,0001-01-01 00:00:00.0,150,00:00.0,0,82-2-778-6587,8898,82-2-778-6586,CKim@grtd123.com,293-42-4458,26
10102,Jung-ho,정호,Choi,최,00:00.0,0001-01-01 00:00:00.0,150,00:00.0,0,82-2-778-6587,8897,82-2-778-6586,JChoi@grtd123.com,208-08-5788,26
10103,Kwei-Ping,奎平,Kao,高,00:00.0,0001-01-01 00:00:00.0,150,00:00.0,0,886-2-2975-1988,8896,886-2-2989-4978,KKao@grtd123.com,568-82-6757,34
10140,Geert,Geert,Aafjes,Aafjes,00:00.0,0001-01-01 00:00:00.0,150,00:00.0,0,'+31 (0)20 692 93 94,6859,'+31 (0)20 692 93 06,GAafjes@grtd123.com,271-26-9544,25
10141,Bergren,Bergren,Gyllenstierna,Gyllenstierna,00:00.0,0001-01-01 00:00:00.0,150,00:00.0,0,'+(46) 08 753 116,6858,'+(46) 08 752 592,BGyllenstierna@grtd123.com,801-75-4528,26
10323,Aaghie,Aaghie,Heiman,Heiman,00:00.0,0001-01-01 00:00:00.0,150,00:00.0,1,'+(41) 17 12 13 11,9676,'+(41) 17 12 61 82,AHeiman@grtd123.com,180-66-7296,25
10324,Lorraine,Lorraine,Lambert,Lambert,00:00.0,0001-01-01 00:00:00.0,150,00:00.0,1,'+(41) 17 12 13 11,9675,'+(41) 17 12 61 82,LLambert@grtd123.com,880-77-3881,34
10325,Madeleine,Madeleine,Blanc,Blanc,00:00.0,0001-01-01 00:00:00.0,150,00:00.0,1,'+(41) 17 12 13 11,9674,'+(41) 17 12 61 82,MBlanc@grtd123.com,238-57-8039,25
10326,Margot,Margot,Scarasse,Scarasse,00:00.0,0001-01-01 00:00:00.0,150,00:00.0,1,'+(41) 17 12 13 11,9673,'+(41) 17 12 61 82,MScarasse@grtd123.com,523-72-7111,33
10327,Betje,Betje,Coeman,Coeman,00:00.0,0001-01-01 00:00:00.0,150,00:00.0,1,'+(41) 17 12 13 11,9672,'+(41) 17 12 61 82,BCoeman@grtd123.com,549-93-0798,10
10355,Wanda,Wanda,Coleman,Coleman,00:00.0,0001-01-01 00:00:00.0,150,00:00.0,1,'+(41) 17 12 13 11,9644,'+(41) 17 12 61 82,WColeman@grtd123.com,418-54-6600,21
10356,Serilda,Serilda,Marc,Marc,00:00.0,0001-01-01 00:00:00.0,150,00:00.0,1,'+(41) 17 12 13 11,9643,'+(41) 17 12 61 82,SMarc@grtd123.com,690-27-4976,11
10410,Kaatje,Kaatje,Janssen,Janssen,00:00.0,0001-01-01 00:00:00.0,150,00:00.0,1,'+31 (0)20 692 93 94,6589,'+31 (0)20 692 93 06,KJanssen@grtd123.com,869-77-3654,9
10411,Katrien,Katrien,Smit,Smit,00:00.0,0001-01-01 00:00:00.0,150,00:00.0,1,'+31 (0)20 692 93 94,6588,'+31 (0)20 692 93 06,KSmit@grtd123.com,467-74-8328,28
10412,Aert,Aert,Meyer,Meyer,00:00.0,0001-01-01 00:00:00.0,150,00:00.0,0,'+31 (0)20 692 93 94,6587,'+31 (0)20 692 93 06,AMeyer@grtd123.com,751-34-6150,20
10012,Elsbeth,Elsbeth,Wiesinger,Wiesinger,00:00.0,0001-01-01 00:00:00.0,150,00:00.0,1,'+(49) 40 663 1990,3987,'+(49) 40 663 4571,EWiesinger@grtd123.com,738-33-5464,9
10013,Else,Else,Mörike,Mörike,00:00.0,0001-01-01 00:00:00.0,150,00:00.0,1,'+(49) 40 663 1990,3986,'+(49) 40 663 4571,EMorike@grtd123.com,649-53-3868,21
10014,Frank,Frank,Fuhlroth,Fuhlroth,00:00.0,00:00.0,152,00:00.0,0,1 (403) 232-5986,2985,1 (403) 232-5831,FFuhlroth@grtd123.com,274-56-7832,32
10015,Gunter,Gunter,Erler,Erler,00:00.0,0001-01-01 00:00:00.0,150,00:00.0,0,'+(49) 40 663 1990,3984,'+(49) 40 663 4571,GErler@grtd123.com,381-53-7039,28
10016,Björn,Björn,Winkler,Winkler,00:00.0,0001-01-01 00:00:00.0,150,00:00.0,0,'+(49) 89 882 3456,3983,'+(49) 89 882 3455,BWinkler@grtd123.com,895-65-9340,11
10065,Corey,Corey,Wright,Wright,00:00.0,0001-01-01 00:00:00.0,150,00:00.0,0,1 (305) 557-4810,2934,1 (305) 557-7650,CWright@grtd123.com,537-42-4930,14
10132,Christiaan,Christiaan,Cabrera,Cabrera,00:00.0,0001-01-01 00:00:00.0,150,00:00.0,0,'+31 (0)20 692 93 94,6867,'+31 (0)20 692 93 06,CCabrera@grtd123.com,885-33-6997,8
10133,Arvid,Arvid,Ankarsvärd,Ankarsvärd,00:00.0,0001-01-01 00:00:00.0,150,00:00.0,0,'+(46) 08 753 116,6866,'+(46) 08 752 592,AAnkarsvard@grtd123.com,223-37-7413,7
10134,Bertil,Bertil,Hammarskjöld,Hammarskjöld,00:00.0,0001-01-01 00:00:00.0,150,00:00.0,0,'+(46) 08 753 116,6865,'+(46) 08 752 592,BHammarskjold@grtd123.com,369-80-0481,22
10135,Birger,Birger,Lagerbielke,Lagerbielke,00:00.0,0001-01-01 00:00:00.0,150,00:00.0,0,'+(46) 08 753 116,6864,'+(46) 08 752 592,BLagerbielke@grtd123.com,136-79-9448,12
10299,Lidia,Lidia,Martinez,Martinez,00:00.0,0001-01-01 00:00:00.0,150,00:00.0,1,'+35 94 322 3540,7700,'+35 91 548 1637,LMartinez@grtd123.com,388-99-6511,15
10300,Jezebel,Jezebel,Rodriguez,Rodriguez,00:00.0,0001-01-01 00:00:00.0,150,00:00.0,1,'+35 94 322 3540,7699,'+35 91 548 1637,JRodriguez@grtd123.com,737-56-4019,22
10337,Adelaide,Adelaide,Wiesinger,Wiesinger,00:00.0,0001-01-01 00:00:00.0,150,00:00.0,1,'+(41) 17 12 13 11,9662,'+(41) 17 12 61 82,AWiesinger@grtd123.com,407-07-9068,20
10338,Lisa,Lisa,Richter,Richter,00:00.0,0001-01-01 00:00:00.0,150,00:00.0,1,'+(41) 17 12 13 11,9661,'+(41) 17 12 61 82,LRichter@grtd123.com,193-61-2678,25
10339,Grazia,Grazia,Gallo,Gallo,00:00.0,0001-01-01 00:00:00.0,150,00:00.0,1,'+(41) 17 12 13 11,9660,'+(41) 17 12 61 82,GGallo@grtd123.com,059-08-0308,20
10393,Susan,Susan,Harvey,Harvey,00:00.0,0001-01-01 00:00:00.0,150,00:00.0,1,1 (206) 292-0012,2606,1 (206) 292-3312,SHarvey@grtd123.com,840-22-3811,9
10394,Abel,Abel,Antunes,Antunes,00:00.0,0001-01-01 00:00:00.0,150,00:00.0,0,'+55 (11) 344-4444,2605,'+55 (11) 333-2223,AAntunes@grtd123.com,115-42-7865,18
10395,Barb,Barb,Ross,Ross,00:00.0,0001-01-01 00:00:00.0,150,00:00.0,1,'+(525) 549 6090,2604,'+(52) 549 6088,BRoss@grtd123.com,489-47-0483,18
10396,Victor,Victor,Garces,Garces,00:00.0,0001-01-01 00:00:00.0,150,00:00.0,0,'+(525) 549 6090,2603,'+(52) 549 6088,VGarces@grtd123.com,066-93-2835,22
10397,Roberto,Roberto,Oliveira,Oliveira,00:00.0,0001-01-01 00:00:00.0,150,00:00.0,0,'+55 (11) 344-4444,2602,'+55 (11) 333-2223,ROliveira@grtd123.com,037-74-3501,38
10766,Ivonne,Ivonne,Durand,Durand,00:00.0,00:00.0,152,00:00.0,1,'+(41) 17 12 13 11,9233,'+(41) 17 12 61 82,IDurand@grtd123.com,267-32-2418,22
10767,Clarice,Clarice,Forneret,Forneret,00:00.0,00:00.0,158,00:00.0,1,'+(41) 17 12 13 11,9232,'+(41) 17 12 61 82,CForneret@grtd123.com,551-76-0837,24
10768,Lucien,Lucien,Bertrand,Bertrand,00:00.0,00:00.0,152,00:00.0,0,'+(41) 17 12 13 11,9231,'+(41) 17 12 61 82,LBertrand@grtd123.com,231-86-7175,18
10769,Maude,Maude,Laveau,Laveau,00:00.0,00:00.0,154,00:00.0,1,'+(41) 17 12 13 11,9230,'+(41) 17 12 61 82,MLaveau@grtd123.com,089-03-6251,14
10549,Anguo,安國,Wáng,王,00:00.0,0001-01-01 00:00:00.0,150,00:00.0,0,86-21-6790-5612,8450,86-21-6790-5612,AWang@grtd123.com,147-85-2085,17
10550,Kaiping,開平,Xú,徐,00:00.0,0001-01-01 00:00:00.0,150,00:00.0,0,86-21-6790-5612,8449,86-21-6790-5612,KXu@grtd123.com,731-34-7879,14
10551,Liling,麗玲,Ma,馬,00:00.0,0001-01-01 00:00:00.0,150,00:00.0,1,86-21-6790-5612,8448,86-21-6790-5612,LMa@grtd123.com,527-89-1290,9
10383,Serge,Serge,Pettigrew,Pettigrew,00:00.0,0001-01-01 00:00:00.0,150,00:00.0,0,1 (403) 232-5986,2616,1 (403) 232-5831,SPettigrew@grtd123.com,688-15-7554,18
10384,Don,Don,Racine,Racine,00:00.0,0001-01-01 00:00:00.0,150,00:00.0,0,1 (403) 232-5986,2615,1 (403) 232-5831,DRacine@grtd123.com,593-85-4239,23
10385,Paul,Paul,Dunn,Dunn,00:00.0,0001-01-01 00:00:00.0,150,00:00.0,0,1 (403) 232-5986,2614,1 (403) 232-5831,PDunn@grtd123.com,262-46-1539,35
10386,Izabel,Izabel,Costa,Costa,00:00.0,0001-01-01 00:00:00.0,150,00:00.0,1,'+55 (11) 344-4444,2613,'+55 (11) 333-2223,ICosta@grtd123.com,873-01-3925,13
10387,Luis,Luis,Nuñez,Nuñez,00:00.0,0001-01-01 00:00:00.0,150,00:00.0,0,'+(525) 549 6090,2612,'+(52) 549 6088,LNunez@grtd123.com,737-54-3058,12
10388,Amy,Amy,Scott,Scott,00:00.0,0001-01-01 00:00:00.0,150,00:00.0,1,1 (403) 232-5986,2611,1 (403) 232-5831,AScott@grtd123.com,424-33-3346,26
10452,Jane,Jane,Dean,Dean,00:00.0,0001-01-01 00:00:00.0,150,00:00.0,1,'+33 1 68 94 52 20,3547,'+33 1 68 94 56 60,JDean@grtd123.com,834-98-1717,15
10517,Susan,Susan,Davidson,Davidson,00:00.0,0001-01-01 00:00:00.0,150,00:00.0,1,'+(61) 03 2982  4242,8482,'+(61) 03 2982  4243,SDavidson@grtd123.com,180-17-9297,10
10377,Morela,Morela,Dias,Dias,00:00.0,0001-01-01 00:00:00.0,150,00:00.0,1,'+55 (11) 344-4444,2622,'+55 (11) 333-2223,MDias@grtd123.com,416-36-5073,25
10378,James,James,Kent,Kent,00:00.0,0001-01-01 00:00:00.0,150,00:00.0,0,1 (403) 232-5986,2621,1 (403) 232-5831,JKent@grtd123.com,461-37-5737,13
10379,Dana,Dana,Miles,Miles,00:00.0,0001-01-01 00:00:00.0,150,00:00.0,1,1 (617) 268-6754,2620,1 (617) 268-3464,DMiles@grtd123.com,135-71-2663,23
10380,Yelena,Yelena,Cruz,Cruz,00:00.0,0001-01-01 00:00:00.0,150,00:00.0,1,'+55 (11) 344-4444,2619,'+55 (11) 333-2223,YCruz@grtd123.com,448-83-5768,25
10381,Michaela,Michaela,Ogilvie,Ogilvie,00:00.0,0001-01-01 00:00:00.0,150,00:00.0,1,1 (305) 557-4810,2618,1 (305) 557-7650,MOgilvie@grtd123.com,076-32-1689,14
10417,Dorotea,Dorotea,Nieminen,Nieminen,00:00.0,0001-01-01 00:00:00.0,150,00:00.0,1,'+358(0)17 - 433 127,6582,'+358(0)17 - 433 129,DNieminen@grtd123.com,701-92-3846,29
10418,Kristina,Kristina,Oxenhufwud,Oxenhufwud,00:00.0,0001-01-01 00:00:00.0,150,00:00.0,1,'+(46) 08 753 116,6581,'+(46) 08 752 592,KOxenhufwud@grtd123.com,538-26-4671,7
10455,Luc,Luc,Stalars,Stalars,00:00.0,0001-01-01 00:00:00.0,150,00:00.0,0,'+32 16 20.73.21,3544,'+32 16 20.73.32,LStalars@grtd123.com,548-28-5913,14
10456,Jeanne,Jeanne,Bertrand,Bertrand,00:00.0,0001-01-01 00:00:00.0,150,00:00.0,1,'+32 16 20.73.21,3543,'+32 16 20.73.32,JBertrand@grtd123.com,311-26-9036,28
10457,Emilie,Emilie,Courville,Courville,00:00.0,0001-01-01 00:00:00.0,150,00:00.0,1,'+32 16 20.73.21,3542,'+32 16 20.73.32,ECourville@grtd123.com,161-02-4633,24
10563,Isamu,勇,Aoki,青木,00:00.0,0001-01-01 00:00:00.0,150,00:00.0,0,81-6-616-5656,8436,81-6-616-5657,IAoki@grtd123.com,156-54-5272,23
10564,Chiyo,千代,Yoshida,吉田,00:00.0,0001-01-01 00:00:00.0,150,00:00.0,1,81-3-6259-6601,8435,81-3-6208-4445,CYoshida@grtd123.com,013-82-7601,23
10565,Kenzo,三健,Inoue,井上,00:00.0,0001-01-01 00:00:00.0,150,00:00.0,0,81-6-616-5656,8434,81-6-616-5657,KInoue@grtd123.com,732-25-1118,18
10566,Kazuki,一樹,Sasaki,佐々木,00:00.0,0001-01-01 00:00:00.0,150,00:00.0,0,81-6-616-5656,8433,81-6-616-5657,KSasaki@grtd123.com,411-45-0346,29
10567,Kazuya,和也,Yamaguchi,山口,00:00.0,0001-01-01 00:00:00.0,150,00:00.0,0,81-6-616-5656,8432,81-6-616-5657,KYamaguchi@grtd123.com,573-70-3915,10
10568,Kouhei,康平,Kimura,木村,00:00.0,0001-01-01 00:00:00.0,150,00:00.0,0,81-3-6259-6601,8431,81-3-6208-4445,KKimura@grtd123.com,663-44-1655,27
10569,Chiyo,千代,Suzuki,鈴木,00:00.0,0001-01-01 00:00:00.0,150,00:00.0,1,81-6-616-5656,8430,81-6-616-5657,CSuzuki@grtd123.com,128-59-9568,38
10570,Akemi,明美,Takahashi,高橋,00:00.0,0001-01-01 00:00:00.0,150,00:00.0,1,81-3-6259-6601,8429,81-3-6208-4445,ATakahashi@grtd123.com,834-40-1623,21
10616,Chris,Chris,Parston,Parston,00:00.0,0001-01-01 00:00:00.0,150,00:00.0,0,1 (403) 232-5986,2383,1 (403) 232-5831,CParston@grtd123.com,294-82-9890,20
10617,Ana,Ana,Orozco,Orozco,00:00.0,0001-01-01 00:00:00.0,150,00:00.0,1,'+(525) 549 6090,2382,'+(52) 549 6088,AOrozco@grtd123.com,735-60-2847,8
10618,Andrea,Andrea,Saunder,Saunder,00:00.0,0001-01-01 00:00:00.0,150,00:00.0,1,'+(525) 549 6090,2381,'+(52) 549 6088,ASaunder@grtd123.com,151-82-4125,22
10143,Basmus,Basmus,Gripenskiöld,Gripenskiöld,00:00.0,0001-01-01 00:00:00.0,150,00:00.0,0,'+(46) 08 753 116,6856,'+(46) 08 752 592,BGripenskiold@grtd123.com,677-88-1359,6
10144,Hans,Hans,Jansens,Jansens,00:00.0,0001-01-01 00:00:00.0,150,00:00.0,0,'+31 (0)20 692 93 94,6855,'+31 (0)20 692 93 06,HJansens@grtd123.com,292-49-7722,23
10145,Sébastien,Sébastien,Pascal,Pascal,00:00.0,0001-01-01 00:00:00.0,150,00:00.0,0,'+33 1 68 94 52 20,3854,'+33 1 68 94 56 60,SPascal@grtd123.com,725-70-3907,25
10146,Victor,Victor,Montplaisir,Montplaisir,00:00.0,0001-01-01 00:00:00.0,150,00:00.0,0,'+33 4 52 26 33 88,3853,'+33 4 66 35 98 95,VMontplaisir@grtd123.com,262-75-0945,10
10147,Vincent,Vincent,Mercier,Mercier,00:00.0,0001-01-01 00:00:00.0,150,00:00.0,0,'+33 1 68 94 52 20,3852,'+33 1 68 94 56 60,VMercier@grtd123.com,540-67-2236,40
10148,Albrecht,Albrecht,Lehrer,Lehrer,00:00.0,0001-01-01 00:00:00.0,150,00:00.0,0,'+(49) 89 882 3456,3851,'+(49) 89 882 3455,ALehrer@grtd123.com,146-39-6762,19
10176,Kunz,Kunz,Gebauer,Gebauer,00:00.0,0001-01-01 00:00:00.0,150,00:00.0,0,'+(43) 13 79 56 32,7823,'+(43) 13 79 56 33,KGebauer@grtd123.com,378-35-9502,26
10177,Massimo,Massimo,Costa,Costa,00:00.0,0001-01-01 00:00:00.0,150,00:00.0,0,'+(39) 02 79 53 780,7822,'+(39) 02 79 53 477,MCosta@grtd123.com,457-78-5403,7
10178,Alejandrino,Alejandrino,Rivera,Rivera,00:00.0,0001-01-01 00:00:00.0,150,00:00.0,0,'+35 94 322 3540,7821,'+35 91 548 1637,ARivera@grtd123.com,645-20-3246,30
10413,Agnietje,Agnietje,Visser,Visser,00:00.0,0001-01-01 00:00:00.0,150,00:00.0,1,'+31 (0)20 692 93 94,6586,'+31 (0)20 692 93 06,AVisser@grtd123.com,386-58-0600,27
10414,Kaarlo,Kaarlo,Laine,Laine,00:00.0,0001-01-01 00:00:00.0,150,00:00.0,0,'+358(0)17 - 433 127,6585,'+358(0)17 - 433 129,KLaine@grtd123.com,046-70-7278,11
10415,Jani,Jani,Heikkinen,Heikkinen,00:00.0,0001-01-01 00:00:00.0,150,00:00.0,1,'+358(0)17 - 433 127,6584,'+358(0)17 - 433 129,JHeikkinen@grtd123.com,815-66-2410,12
10416,Kalle,Kalle,Koskinen,Koskinen,00:00.0,0001-01-01 00:00:00.0,150,00:00.0,0,'+358(0)17 - 433 127,6583,'+358(0)17 - 433 129,KKoskinen@grtd123.com,880-38-5100,23
10480,Gabriella,Gabriella,Boscolo,Boscolo,00:00.0,0001-01-01 00:00:00.0,150,00:00.0,1,'+(39) 02 79 53 780,7519,'+(39) 02 79 53 477,GBoscolo@grtd123.com,414-29-9647,45
10481,Massimo,Massimo,Agostini,Agostini,00:00.0,0001-01-01 00:00:00.0,150,00:00.0,0,'+(39) 02 79 53 780,7518,'+(39) 02 79 53 477,MAgostini@grtd123.com,527-07-8600,29
10482,Isabella,Isabella,Lombardi,Lombardi,00:00.0,0001-01-01 00:00:00.0,150,00:00.0,1,'+(39) 02 79 53 780,7517,'+(39) 02 79 53 477,ILombardi@grtd123.com,207-14-3909,36
10483,Benicio,Benicio,Medina,Medina,00:00.0,0001-01-01 00:00:00.0,150,00:00.0,0,'+(39) 02 79 53 780,7516,'+(39) 02 79 53 477,BMedina@grtd123.com,154-76-1074,16
10484,Florian,Florian,Keschmann,Keschmann,00:00.0,0001-01-01 00:00:00.0,150,00:00.0,0,'+(43) 13 79 56 32,7515,'+(43) 13 79 56 33,FKeschmann@grtd123.com,065-71-5305,29
10683,Dominique,Dominique,Morel,Morel,00:00.0,00:00.0,158,00:00.0,1,'+33 1 68 94 52 20,3316,'+33 1 68 94 56 60,DMorel@grtd123.com,845-66-0900,23
10684,Amalie,Amalie,Kunze,Kunze,00:00.0,00:00.0,152,00:00.0,1,'+(49) 40 663 1990,3315,'+(49) 40 663 4571,AKunze@grtd123.com,118-49-6749,17
10685,Barnard,Barnard,Laut,Laut,00:00.0,00:00.0,158,00:00.0,0,'+(41) 17 12 13 14,3314,'+(41) 17 12 13 20,BLaut@grtd123.com,712-91-5755,28
10756,Hugo,Hugo,Meeus,Meeus,00:00.0,00:00.0,158,00:00.0,0,'+31 (0)20 692 93 94,6243,'+31 (0)20 692 93 06,HMeeus@grtd123.com,538-12-1807,20
10757,Claus,Claus,Borgherssoen,Borgherssoen,00:00.0,00:00.0,152,00:00.0,0,'+31 (0)20 692 93 94,6242,'+31 (0)20 692 93 06,CBorgherssoen@grtd123.com,040-40-7726,45
10758,Karel,Karel,Bernis,Bernis,00:00.0,00:00.0,152,00:00.0,1,'+31 (0)20 692 93 94,6241,'+31 (0)20 692 93 06,KBernis@grtd123.com,642-84-8123,24
10759,Roland,Roland,David,David,00:00.0,00:00.0,152,00:00.0,0,'+(41) 17 12 13 14,3240,'+(41) 17 12 13 20,RDavid@grtd123.com,295-88-8240,55
10760,Guy,Guy,Laurin,Laurin,00:00.0,00:00.0,152,00:00.0,0,'+(44) 181 2033144,3239,'+(44) 181 5030282,GLaurin@grtd123.com,178-72-9838,34
10761,Julien,Julien,Brion,Brion,00:00.0,00:00.0,158,00:00.0,0,'+33 1 68 94 52 20,3238,'+33 1 68 94 56 60,JBrion@grtd123.com,194-40-9346,10
10255,Isabel,Isabel,Rios,Rios,00:00.0,0001-01-01 00:00:00.0,150,00:00.0,1,'+(525) 549 6090,2744,'+(52) 549 6088,IRios@grtd123.com,763-72-7869,26
10292,Rolf,Rolf,Schirmer,Schirmer,00:00.0,0001-01-01 00:00:00.0,150,00:00.0,0,'+(49) 89 882 3456,3707,'+(49) 89 882 3455,RSchirmer@grtd123.com,241-72-3401,14
10246,Obert,Obert,Tibor,Tibor,00:00.0,0001-01-01 00:00:00.0,150,00:00.0,0,'+(41) 17 12 13 11,9753,'+(41) 17 12 61 82,OTibor@grtd123.com,780-41-8644,24
10283,Sophie,Sophie,Schenker,Schenker,00:00.0,0001-01-01 00:00:00.0,150,00:00.0,1,'+(49) 89 882 3456,3716,'+(49) 89 882 3455,SSchenker@grtd123.com,849-16-9475,18
10284,Agathe,Agathe,Roque,Roque,00:00.0,0001-01-01 00:00:00.0,150,00:00.0,1,'+32 16 20.73.21,3715,'+32 16 20.73.32,ARoque@grtd123.com,429-08-5737,26
10285,Alice,Alice,Martin,Martin,00:00.0,0001-01-01 00:00:00.0,150,00:00.0,1,'+(44) 181 2033144,3714,'+(44) 181 5030282,AMartin@grtd123.com,205-38-9875,18
10357,Marlene,Marlene,Didier,Didier,00:00.0,0001-01-01 00:00:00.0,150,00:00.0,1,'+(41) 17 12 13 11,9642,'+(41) 17 12 61 82,MDidier@grtd123.com,160-06-4452,32
10358,Lotta,Lotta,Bichot,Bichot,00:00.0,0001-01-01 00:00:00.0,150,00:00.0,1,'+(41) 17 12 13 11,9641,'+(41) 17 12 61 82,LBichot@grtd123.com,707-57-5482,16
10359,Aaltje,Aaltje,Hansen,Hansen,00:00.0,0001-01-01 00:00:00.0,150,00:00.0,1,'+(41) 17 12 13 11,9640,'+(41) 17 12 61 82,AHansen@grtd123.com,310-72-6257,24
10360,Adda,Adda,Heijman,Heijman,00:00.0,0001-01-01 00:00:00.0,150,00:00.0,1,'+(41) 17 12 13 11,9639,'+(41) 17 12 61 82,AHeijman@grtd123.com,378-52-9631,27
10361,Adriaantje,Adriaantje,Haanraads,Haanraads,00:00.0,0001-01-01 00:00:00.0,150,00:00.0,1,'+(41) 17 12 13 11,9638,'+(41) 17 12 61 82,AHaanraads@grtd123.com,388-91-1327,32
10362,Juliette,Juliette,Bonnet,Bonnet,00:00.0,0001-01-01 00:00:00.0,150,00:00.0,1,'+(41) 17 12 13 11,9637,'+(41) 17 12 61 82,JBonnet@grtd123.com,526-75-0695,15
10363,Nathalie,Nathalie,Benoit,Benoit,00:00.0,0001-01-01 00:00:00.0,150,00:00.0,1,'+(41) 17 12 13 11,9636,'+(41) 17 12 61 82,NBenoit@grtd123.com,562-30-8491,22
10408,Arjan,Arjan,Schuman,Schuman,00:00.0,0001-01-01 00:00:00.0,150,00:00.0,0,'+31 (0)20 692 93 94,6591,'+31 (0)20 692 93 06,ASchuman@grtd123.com,209-73-2294,29
10409,Dirk,Dirk,Bakker,Bakker,00:00.0,0001-01-01 00:00:00.0,150,00:00.0,0,'+31 (0)20 692 93 94,6590,'+31 (0)20 692 93 06,DBakker@grtd123.com,835-50-6587,17
10066,Dale,Dale,Fowler,Fowler,00:00.0,00:00.0,152,00:00.0,0,1 (305) 557-4810,2933,1 (305) 557-7650,DFowler@grtd123.com,648-35-2786,24
10067,Lowell,Lowell,Johnson,Johnson,00:00.0,0001-01-01 00:00:00.0,150,00:00.0,0,1 (305) 557-4810,2932,1 (305) 557-7650,LJohnson@grtd123.com,882-69-7486,21
10068,Margaret,Margaret,Lewiston,Lewiston,00:00.0,0001-01-01 00:00:00.0,150,00:00.0,1,1 (305) 557-4810,2931,1 (305) 557-7650,MLewiston@grtd123.com,044-75-6446,17
10069,Eric,Eric,Carson,Carson,00:00.0,0001-01-01 00:00:00.0,150,00:00.0,0,1 (617) 268-6754,2930,1 (617) 268-3464,ECarson@grtd123.com,751-07-0515,24
10070,Valerie,Valerie,Cohen,Cohen,00:00.0,0001-01-01 00:00:00.0,150,00:00.0,1,1 (617) 268-6754,2929,1 (617) 268-3464,VCohen@grtd123.com,771-69-4188,16
10071,Estelle,Estelle,Johnson,Johnson,00:00.0,0001-01-01 00:00:00.0,150,00:00.0,1,1 (305) 557-4810,2928,1 (305) 557-7650,EJohnson@grtd123.com,100-31-8103,17
10072,Greg,Greg,Belding,Belding,00:00.0,0001-01-01 00:00:00.0,150,00:00.0,0,1 (617) 268-6754,2927,1 (617) 268-3464,GBelding@grtd123.com,243-29-9251,30
10073,Harold,Harold,Germaine,Germaine,00:00.0,0001-01-01 00:00:00.0,150,00:00.0,0,1 (310) 281-5722,2926,1 (310) 281-9087,HGermaine@grtd123.com,750-88-9925,7
10131,Artur,Artur,Ankarcrona,Ankarcrona,00:00.0,0001-01-01 00:00:00.0,150,00:00.0,0,'+(46) 08 753 116,6868,'+(46) 08 752 592,AAnkarcrona@grtd123.com,261-77-8573,25
10340,Giacinta,Giacinta,Conti,Conti,00:00.0,0001-01-01 00:00:00.0,150,00:00.0,1,'+(41) 17 12 13 11,9659,'+(41) 17 12 61 82,GConti@grtd123.com,497-07-3858,29
10341,Tessa,Tessa,Romano,Romano,00:00.0,0001-01-01 00:00:00.0,150,00:00.0,1,'+(41) 17 12 13 11,9658,'+(41) 17 12 61 82,TRomano@grtd123.com,152-50-9307,20
10342,Gianina,Gianina,Schiavello,Schiavello,00:00.0,0001-01-01 00:00:00.0,150,00:00.0,1,'+(41) 17 12 13 11,9657,'+(41) 17 12 61 82,GSchiavello@grtd123.com,554-35-9691,37
10343,Lucia,Lucia,Boscolo,Boscolo,00:00.0,0001-01-01 00:00:00.0,150,00:00.0,1,'+(41) 17 12 13 11,9656,'+(41) 17 12 61 82,LBoscolo@grtd123.com,141-90-1750,24
10344,Mirella,Mirella,Nardulli,Nardulli,00:00.0,0001-01-01 00:00:00.0,150,00:00.0,1,'+(41) 17 12 13 11,9655,'+(41) 17 12 61 82,MNardulli@grtd123.com,753-65-2391,19
10345,Ulla,Ulla,Blackmore,Blackmore,00:00.0,0001-01-01 00:00:00.0,150,00:00.0,1,'+(41) 17 12 13 11,9654,'+(41) 17 12 61 82,UBlackmore@grtd123.com,436-08-2891,27
10390,Barbara,Barbara,Schwarz,Schwarz,00:00.0,0001-01-01 00:00:00.0,150,00:00.0,1,1 (403) 232-5986,2609,1 (403) 232-5831,BSchwarz@grtd123.com,695-77-7727,12
10391,Anna,Anna,Schulz,Schulz,00:00.0,0001-01-01 00:00:00.0,150,00:00.0,1,1 (403) 232-5986,2608,1 (403) 232-5831,ASchulz@grtd123.com,417-43-3926,23
10392,Emile,Emile,Fournier,Fournier,00:00.0,0001-01-01 00:00:00.0,150,00:00.0,0,1 (403) 232-5986,2607,1 (403) 232-5831,EFournier@grtd123.com,047-87-0823,20
10770,Marc,Marc,Fournier,Fournier,00:00.0,00:00.0,154,00:00.0,0,'+(41) 17 12 13 11,9229,'+(41) 17 12 61 82,MFournier@grtd123.com,393-72-4005,6
10771,Laura,Laura,Morris,Morris,00:00.0,00:00.0,154,00:00.0,0,'+(61) 03 2982  4242,8228,'+(61) 03 2982  4243,LMorris@grtd123.com,593-63-1312,29
10772,Ken,Ken,Wilson,Wilson,00:00.0,00:00.0,154,00:00.0,0,'+(61) 03 2982  4242,8227,'+(61) 03 2982  4243,KWilson@grtd123.com,016-20-1411,18
10773,Jonathan,Jonathan,Farrel,Farrel,00:00.0,00:00.0,154,00:00.0,0,'+(61) 03 2982  4242,8226,'+(61) 03 2982  4243,JFarrel@grtd123.com,818-90-8770,13
10544,Wulong,武龍,Liáng,梁,00:00.0,0001-01-01 00:00:00.0,150,00:00.0,0,86-21-6790-5612,8455,86-21-6790-5612,WLiang@grtd123.com,554-50-6220,37
10545,Baozhen,寶珍,Wáng,王,00:00.0,0001-01-01 00:00:00.0,150,00:00.0,1,86-21-6790-5612,8454,86-21-6790-5612,BWang@grtd123.com,515-83-3654,26
10546,Cai,財,Zhang,張,00:00.0,0001-01-01 00:00:00.0,150,00:00.0,0,86-21-6790-5612,8453,86-21-6790-5612,CZhang@grtd123.com,240-31-9285,28
10547,Cheng,成,Liú,劉,00:00.0,0001-01-01 00:00:00.0,150,00:00.0,0,86-21-6790-5612,8452,86-21-6790-5612,CLiu@grtd123.com,557-91-9659,8
10548,Lide,立德,Zhu,朱,00:00.0,0001-01-01 00:00:00.0,150,00:00.0,0,86-21-6790-5612,8451,86-21-6790-5612,LZhu@grtd123.com,472-47-2085,15
10389,Humberto,Humberto,Cabral,Cabral,00:00.0,0001-01-01 00:00:00.0,150,00:00.0,0,'+55 (11) 344-4444,2610,'+55 (11) 333-2223,HCabral@grtd123.com,829-72-0988,13
10444,Steven,Steven,Henderson,Henderson,00:00.0,0001-01-01 00:00:00.0,150,00:00.0,0,1 (403) 232-5986,2555,1 (403) 232-5831,SHenderson@grtd123.com,432-25-6291,24
10445,Ian,Ian,Roberts,Roberts,00:00.0,0001-01-01 00:00:00.0,150,00:00.0,0,'+(44) 181 2033144,3554,'+(44) 181 5030282,IRoberts@grtd123.com,833-87-9001,19
10446,Maurus,Maurus,Gerster,Gerster,00:00.0,0001-01-01 00:00:00.0,150,00:00.0,0,'+(41) 17 12 13 14,3553,'+(41) 17 12 13 20,MGerster@grtd123.com,898-22-1449,24
10447,Cindy,Cindy,Scott,Scott,00:00.0,0001-01-01 00:00:00.0,150,00:00.0,1,'+(44) 181 2033144,3552,'+(44) 181 5030282,CScott@grtd123.com,201-08-7466,18
10448,Thierry,Thierry,Vierin,Vierin,00:00.0,0001-01-01 00:00:00.0,150,00:00.0,0,'+33 1 68 94 52 20,3551,'+33 1 68 94 56 60,TVierin@grtd123.com,484-03-7099,19
10449,Caroline,Caroline,Gretton,Gretton,00:00.0,0001-01-01 00:00:00.0,150,00:00.0,1,'+33 1 68 94 52 20,3550,'+33 1 68 94 56 60,CGretton@grtd123.com,794-83-0841,18
10450,Cyril,Cyril,Sickling,Sickling,00:00.0,0001-01-01 00:00:00.0,150,00:00.0,0,'+(44) 181 2033144,3549,'+(44) 181 5030282,CSickling@grtd123.com,598-43-5771,19
10451,Katja,Katja,Willborn,Willborn,00:00.0,0001-01-01 00:00:00.0,150,00:00.0,1,'+(41) 17 12 13 14,3548,'+(41) 17 12 13 20,KWillborn@grtd123.com,688-50-6106,32
10419,Katri,Katri,Virtanen,Virtanen,00:00.0,0001-01-01 00:00:00.0,150,00:00.0,1,'+(46) 08 753 116,6580,'+(46) 08 752 592,KVirtanen@grtd123.com,611-40-2962,18
10420,Kaisa,Kaisa,Korhonen,Korhonen,00:00.0,0001-01-01 00:00:00.0,150,00:00.0,1,'+358(0)17 - 433 127,6579,'+358(0)17 - 433 129,KKorhonen@grtd123.com,012-41-2696,42
10421,Liisa,Liisa,Laine,Laine,00:00.0,0001-01-01 00:00:00.0,150,00:00.0,1,'+358(0)17 - 433 127,6578,'+358(0)17 - 433 129,LLaine@grtd123.com,095-03-8839,25
10422,Henriëtte,Henriëtte,Bronsgeest,Bronsgeest,00:00.0,0001-01-01 00:00:00.0,150,00:00.0,1,'+31 (0)20 692 93 94,6577,'+31 (0)20 692 93 06,HBronsgeest@grtd123.com,591-14-5265,23
10423,Martijn,Martijn,Buren,Buren,00:00.0,0001-01-01 00:00:00.0,150,00:00.0,0,'+31 (0)20 692 93 94,6576,'+31 (0)20 692 93 06,MBuren@grtd123.com,796-15-5231,26
10424,Meri,Meri,Kantor,Kantor,00:00.0,0001-01-01 00:00:00.0,150,00:00.0,1,'+358(0)17 - 433 127,6575,'+358(0)17 - 433 129,MKantor@grtd123.com,297-40-9903,19
10425,Laila,Laila,Lindholm,Lindholm,00:00.0,0001-01-01 00:00:00.0,150,00:00.0,1,'+358(0)17 - 433 127,6574,'+358(0)17 - 433 129,LLindholm@grtd123.com,743-30-2143,32
10453,Susanne,Susanne,Laut,Laut,00:00.0,0001-01-01 00:00:00.0,150,00:00.0,1,'+33 1 68 94 52 20,3546,'+33 1 68 94 56 60,SLaut@grtd123.com,818-11-1678,29
10454,Olivier,Olivier,Bertin,Bertin,00:00.0,0001-01-01 00:00:00.0,150,00:00.0,0,'+33 1 68 94 52 20,3545,'+33 1 68 94 56 60,OBertin@grtd123.com,580-62-2412,32
10619,De Luca,De Luca,Fiorello,Fiorello,00:00.0,0001-01-01 00:00:00.0,150,00:00.0,0,'+(525) 549 6090,2380,'+(52) 549 6088,DFiorello@grtd123.com,502-87-0193,29
10620,Balthasar,Balthasar,Alvarez,Alvarez,00:00.0,0001-01-01 00:00:00.0,150,00:00.0,0,'+55 (11) 344-4444,2379,'+55 (11) 333-2223,BAlvarez@grtd123.com,661-55-8046,22
10621,Tammy,Tammy,Henderson,Henderson,00:00.0,0001-01-01 00:00:00.0,150,00:00.0,1,1 (416) 493-5595,2378,1 (416) 496-9667,THenderson@grtd123.com,316-01-6002,15
10622,Karly,Karly,Millers,Millers,00:00.0,0001-01-01 00:00:00.0,150,00:00.0,1,1 (310) 281-5722,2377,1 (310) 281-9087,KMillers@grtd123.com,822-50-7301,21
10623,Silvia,Silvia,Romero,Romero,00:00.0,0001-01-01 00:00:00.0,150,00:00.0,1,1 (403) 232-5986,2376,1 (403) 232-5831,SRomero@grtd123.com,433-34-7903,19
10624,Stephanie,Stephanie,Fuller,Fuller,00:00.0,0001-01-01 00:00:00.0,150,00:00.0,1,1 (403) 232-5986,2375,1 (403) 232-5831,SFuller@grtd123.com,818-18-9322,18
10698,Didier,Didier,Girard,Girard,00:00.0,00:00.0,154,00:00.0,1,'+(41) 17 12 13 11,9301,'+(41) 17 12 61 82,DGirard@grtd123.com,858-50-7088,10
10699,Alfred,Alfred,Durand,Durand,00:00.0,00:00.0,158,00:00.0,0,'+(41) 17 12 13 11,9300,'+(41) 17 12 61 82,ADurand@grtd123.com,078-11-6518,26
10142,Bartholomeus,Bartholomeus,Cronhielm,Cronhielm,00:00.0,0001-01-01 00:00:00.0,150,00:00.0,0,'+(46) 08 753 116,6857,'+(46) 08 752 592,BCronhielm@grtd123.com,606-31-5653,37
10179,Giorgio,Giorgio,Giordano,Giordano,00:00.0,0001-01-01 00:00:00.0,150,00:00.0,0,'+(39) 02 79 53 780,7820,'+(39) 02 79 53 477,GGiordano@grtd123.com,805-71-5553,25
10180,Pilar,Pilar,Diaz,Diaz,00:00.0,0001-01-01 00:00:00.0,150,00:00.0,1,'+35 94 322 3540,7819,'+35 91 548 1637,PDiaz@grtd123.com,161-68-3668,22
10181,Ludwig,Ludwig,Kellerman,Kellerman,00:00.0,0001-01-01 00:00:00.0,150,00:00.0,0,'+(43) 13 79 56 32,7818,'+(43) 13 79 56 33,LKellerman@grtd123.com,769-16-3367,20
10182,Lutz,Lutz,Kessler,Kessler,00:00.0,0001-01-01 00:00:00.0,150,00:00.0,0,'+(43) 13 79 56 32,7817,'+(43) 13 79 56 33,LKessler@grtd123.com,016-98-1249,19
10183,Otto,Otto,Kunstler,Kunstler,00:00.0,0001-01-01 00:00:00.0,150,00:00.0,0,'+(43) 13 79 56 32,7816,'+(43) 13 79 56 33,OKunstler@grtd123.com,564-63-3195,18
10184,Paul,Paul,Muller,Muller,00:00.0,0001-01-01 00:00:00.0,150,00:00.0,0,'+(43) 13 79 56 32,7815,'+(43) 13 79 56 33,PMuller@grtd123.com,203-64-2743,18
10211,Erik,Erik,Brown,Brown,00:00.0,0001-01-01 00:00:00.0,150,00:00.0,0,'+(41) 17 12 13 11,9788,'+(41) 17 12 61 82,EBrown@grtd123.com,390-40-3715,10
10212,Aert,Aert,Haak,Haak,00:00.0,0001-01-01 00:00:00.0,150,00:00.0,0,'+(41) 17 12 13 11,9787,'+(41) 17 12 61 82,AHaak@grtd123.com,779-16-3614,27
10213,Baltus,Baltus,Dahl,Dahl,00:00.0,0001-01-01 00:00:00.0,150,00:00.0,0,'+(41) 17 12 13 11,9786,'+(41) 17 12 61 82,BDahl@grtd123.com,309-12-0361,24
10486,Fabian,Fabian,Tibor,Tibor,00:00.0,0001-01-01 00:00:00.0,150,00:00.0,0,'+(43) 13 79 56 32,7513,'+(43) 13 79 56 33,FTibor@grtd123.com,513-95-3126,22
10487,Clara,Clara,Bordoy,Bordoy,00:00.0,0001-01-01 00:00:00.0,150,00:00.0,1,'+35 94 322 3540,7512,'+35 91 548 1637,CBordoy@grtd123.com,822-93-6243,17
10488,Thomas,Thomas,Schirmer,Schirmer,00:00.0,0001-01-01 00:00:00.0,150,00:00.0,0,'+(43) 13 79 56 32,7511,'+(43) 13 79 56 33,TSchirmer@grtd123.com,143-20-3665,20
10489,Alexandra,Alexandra,Klauser,Klauser,00:00.0,0001-01-01 00:00:00.0,150,00:00.0,1,'+(43) 13 79 56 32,7510,'+(43) 13 79 56 33,AKlauser@grtd123.com,875-93-1908,32
10535,Cai,財,Huáng,黃,00:00.0,0001-01-01 00:00:00.0,150,00:00.0,0,886-2-2975-1988,8464,886-2-2989-4978,CHuang@grtd123.com,382-15-9471,33
10536,Bang,邦,Liú,劉,00:00.0,0001-01-01 00:00:00.0,150,00:00.0,0,886-2-2975-1988,8463,886-2-2989-4978,BLiu@grtd123.com,634-40-2987,7
10680,Antoine,Antoine,Dubois,Dubois,00:00.0,00:00.0,152,00:00.0,0,'+32 16 20.73.21,3319,'+32 16 20.73.32,ADubois@grtd123.com,059-70-2355,46
10681,Daniel,Daniel,Bertrand,Bertrand,00:00.0,00:00.0,152,00:00.0,0,'+33 1 68 94 52 20,3318,'+33 1 68 94 56 60,DBertrand@grtd123.com,478-41-3653,15
10682,David,David,Fournier,Fournier,00:00.0,00:00.0,158,00:00.0,0,'+33 4 52 26 33 88,3317,'+33 4 66 35 98 95,DFournier@grtd123.com,723-56-9355,25
10762,Bruce,Bruce,Gallaud,Gallaud,00:00.0,00:00.0,154,00:00.0,0,'+32 16 20.73.21,3237,'+32 16 20.73.32,BGallaud@grtd123.com,752-68-2144,17
10763,Dario,Dario,Gutierrez,Gutierrez,00:00.0,00:00.0,152,00:00.0,0,'+35 94 322 3540,7236,'+35 91 548 1637,DGutierrez@grtd123.com,599-01-0299,14
10764,Chale,Chale,Soto,Soto,00:00.0,00:00.0,152,00:00.0,0,'+35 94 322 3540,7235,'+35 91 548 1637,CSoto@grtd123.com,241-43-1273,13
10004,Denis,Denis,Pagé,Pagé,00:00.0,0001-01-01 00:00:00.0,150,00:00.0,0,'+33 1 68 94 52 20,3995,'+33 1 68 94 56 60,DPage@grtd123.com,455-67-3873,18
10005,Élizabeth,Élizabeth,Michel,Michel,00:00.0,0001-01-01 00:00:00.0,150,00:00.0,1,'+33 1 68 94 52 20,3994,'+33 1 68 94 56 60,EMichel@grtd123.com,122-19-0950,11
10006,Émile,Émile,Clermont,Clermont,00:00.0,0001-01-01 00:00:00.0,150,00:00.0,0,'+33 1 68 94 52 20,3993,'+33 1 68 94 56 60,EClermont@grtd123.com,744-08-4602,28
10007,Étienne,Étienne,Jauvin,Jauvin,00:00.0,0001-01-01 00:00:00.0,150,00:00.0,0,'+33 1 68 94 52 20,3992,'+33 1 68 94 56 60,EJauvin@grtd123.com,731-91-2310,45
10208,Lukas,Lukas,Reifsneider,Reifsneider,00:00.0,0001-01-01 00:00:00.0,150,00:00.0,0,'+(41) 17 12 13 11,9791,'+(41) 17 12 61 82,LReifsneider@grtd123.com,230-65-7342,11
10209,Henri,Henri,Elsen,Elsen,00:00.0,0001-01-01 00:00:00.0,150,00:00.0,0,'+(41) 17 12 13 11,9790,'+(41) 17 12 61 82,HElsen@grtd123.com,285-87-0682,7
10635,Gerda,Gerda,Sachse,Sachse,00:00.0,0001-01-01 00:00:00.0,150,00:00.0,1,'+(46) 08 753 116,6364,'+(46) 08 752 592,GCronhielm@grtd123.com,080-40-1282,21
10636,David,David,Baxter,Baxter,00:00.0,0001-01-01 00:00:00.0,150,00:00.0,0,'+(44) 181 2033144,3363,'+(44) 181 5030282,DBaxter@grtd123.com,455-59-8190,11
10637,Emily,Emily,Harris,Harris,00:00.0,0001-01-01 00:00:00.0,150,00:00.0,1,'+(44) 181 2033144,3362,'+(44) 181 5030282,EHarris@grtd123.com,381-65-4341,17
10638,Angela,Angela,Hunter,Hunter,00:00.0,0001-01-01 00:00:00.0,150,00:00.0,1,'+(44) 181 2033144,3361,'+(44) 181 5030282,AHunter@grtd123.com,764-30-5148,37
10639,Andrew,Andrew,Roberts,Roberts,00:00.0,0001-01-01 00:00:00.0,150,00:00.0,0,'+(44) 181 2033144,3360,'+(44) 181 5030282,ARoberts@grtd123.com,303-49-7873,23
10640,Helen,Helen,Jones,Jones,00:00.0,0001-01-01 00:00:00.0,150,00:00.0,1,'+(44) 181 2033144,3359,'+(44) 181 5030282,HJones@grtd123.com,417-17-3594,14
10641,Veronica,Veronica,Hanes,Hanes,00:00.0,0001-01-01 00:00:00.0,150,00:00.0,1,'+(44) 181 2033144,3358,'+(44) 181 5030282,VHanes@grtd123.com,076-92-0378,41
10642,Christopher,Christopher,Jennings,Jennings,00:00.0,0001-01-01 00:00:00.0,150,00:00.0,0,'+(44) 181 2033144,3357,'+(44) 181 5030282,CJennings@grtd123.com,007-85-7803,11
10686,Conrad,Conrad,Brink,Brink,00:00.0,00:00.0,154,00:00.0,0,'+(41) 17 12 13 14,3313,'+(41) 17 12 13 20,CBrink@grtd123.com,563-08-5079,28
10688,Alexandra,Alexandra,Samuelsen,Samuelsen,00:00.0,00:00.0,152,00:00.0,1,'+(43) 13 79 56 32,7311,'+(43) 13 79 56 33,ASamuelsen@grtd123.com,498-78-3323,26
10689,Derek,Derek,Hirsch,Hirsch,00:00.0,00:00.0,158,00:00.0,0,'+(43) 13 79 56 32,7310,'+(43) 13 79 56 33,DHirsch@grtd123.com,671-71-5050,23
10690,Earnest,Earnest,Wagner,Wagner,00:00.0,00:00.0,158,00:00.0,0,'+(43) 13 79 56 32,7309,'+(43) 13 79 56 33,EWagner@grtd123.com,825-78-5494,24
10692,Emil,Emil,Jever,Jever,00:00.0,00:00.0,152,00:00.0,0,'+(43) 13 79 56 32,7307,'+(43) 13 79 56 33,EJever@grtd123.com,293-67-7990,54
10694,Bautista,Bautista,Fernandez,Fernandez,00:00.0,00:00.0,154,00:00.0,0,'+35 94 322 3540,7305,'+35 91 548 1637,BFernandez@grtd123.com,417-27-8466,10
10695,Michel,Michel,Martin,Martin,00:00.0,00:00.0,152,00:00.0,0,'+(41) 17 12 13 11,9304,'+(41) 17 12 61 82,MMartin@grtd123.com,837-97-2755,24
10696,Olivier,Olivier,Bernardin,Bernardin,00:00.0,00:00.0,152,00:00.0,0,'+(41) 17 12 13 14,3303,'+(41) 17 12 13 20,OBernardin@grtd123.com,598-81-6676,37
10697,Alexandre,Alexandre,Thomas,Thomas,00:00.0,00:00.0,154,00:00.0,0,'+(41) 17 12 13 11,9302,'+(41) 17 12 61 82,AThomas1@grtd123.com,288-98-1567,21
10765,Jutta,Jutta,Shulz,Shulz,00:00.0,00:00.0,152,00:00.0,1,'+(43) 13 79 56 32,7234,'+(43) 13 79 56 33,JShulz@grtd123.com,173-37-6535,14
10785,Yun,윤,Namgung,남궁,00:00.0,00:00.0,152,00:00.0,0,82-2-778-6587,8214,82-2-778-6586,YNamgung@grtd123.com,005-38-2774,18
10786,Nicolette,Nicolette,Merrigan,Merrigan,00:00.0,00:00.0,152,00:00.0,1,1 (617) 268-6754,2213,1 (617) 268-3464,NMerrigan@grtd123.com,559-94-6877,39
10787,Stephen,Stephen,Sinden,Sinden,00:00.0,00:00.0,152,00:00.0,0,1 (305) 557-4810,2212,1 (305) 557-7650,SSinden@grtd123.com,851-78-1578,48
10788,Eloise,Eloise,Galley,Galley,00:00.0,00:00.0,152,00:00.0,1,1 (403) 232-5986,2211,1 (403) 232-5831,EGalley@grtd123.com,480-25-9015,26
10789,Ciro,Ciro,Guzman,Guzman,00:00.0,00:00.0,152,00:00.0,0,'+(525) 549 6090,2210,'+(52) 549 6088,CGuzman@grtd123.com,442-03-9068,21
10790,Elaine,Elaine,Varney,Varney,00:00.0,00:00.0,154,00:00.0,1,1 (403) 232-5986,2209,1 (403) 232-5831,EVarney@grtd123.com,157-32-2529,21
10791,Esperanza,Esperanza,Valdez,Valdez,00:00.0,00:00.0,152,00:00.0,1,'+(525) 549 6090,2208,'+(52) 549 6088,EValdez@grtd123.com,530-97-4519,30
10792,Zola,Zola,Bruno,Bruno,00:00.0,00:00.0,152,00:00.0,1,'+(39) 02 79 53 780,7207,'+(39) 02 79 53 477,ZBruno@grtd123.com,758-06-3590,22
10793,Gualtier,Gualtier,Marino,Marino,00:00.0,00:00.0,154,00:00.0,0,'+(39) 02 79 53 780,7206,'+(39) 02 79 53 477,GMarino@grtd123.com,813-52-4583,18
10382,Susan,Susan,Keon,Keon,00:00.0,0001-01-01 00:00:00.0,150,00:00.0,1,'+(44) 181 2033144,3617,'+(44) 181 5030282,SKeon@grtd123.com,138-25-5374,10
10779,Xing,興,Yu,于,00:00.0,00:00.0,152,00:00.0,0,86-21-6790-5612,8220,86-21-6790-5612,XYu@grtd123.com,114-50-0212,37
10780,Peng,鵬,Dong,董,00:00.0,00:00.0,152,00:00.0,0,86-21-6790-5612,8219,86-21-6790-5612,PDong@grtd123.com,540-83-3963,19
10781,Desheng,德勝,Kong,孔,00:00.0,00:00.0,152,00:00.0,0,86-21-6790-5612,8218,86-21-6790-5612,DKong@grtd123.com,047-86-7825,33
10782,Hideyoshi,秀吉,Ogawa,小川,00:00.0,00:00.0,152,00:00.0,0,81-6-616-5656,8217,81-6-616-5657,HOgawa@grtd123.com,549-93-3936,22
10625,Jonathan,Jonathan,Tayer,Tayer,00:00.0,0001-01-01 00:00:00.0,150,00:00.0,0,1 (403) 232-5986,2374,1 (403) 232-5831,JTayer@grtd123.com,736-90-7977,10
10626,Teresita,Teresita,Lopez,Lopez,00:00.0,0001-01-01 00:00:00.0,150,00:00.0,1,'+(525) 549 6090,2373,'+(52) 549 6088,TLopez@grtd123.com,889-43-0240,40
10627,Julia,Julia,Mulden,Mulden,00:00.0,0001-01-01 00:00:00.0,150,00:00.0,1,'+(525) 549 6090,2372,'+(52) 549 6088,JMulden@grtd123.com,262-24-6152,19
10628,Gregory,Gregory,Andrews,Andrews,00:00.0,0001-01-01 00:00:00.0,150,00:00.0,1,1 (617) 268-6754,2371,1 (617) 268-3464,GAndrews@grtd123.com,601-88-8842,13
10800,Alphonse,Alphonse,Sauvage,Sauvage,00:00.0,0001-01-01 00:00:00.0,150,00:00.0,0,'+(41) 17 12 13 11,9654,'+(41) 17 12 61 82,ASauvage@grtd123.com,417-63-3889,9
10801,Yuan,元,Xie,元,00:00.0,0001-01-01 00:00:00.0,150,00:00.0,0,86-21-6790-5612,8218,86-21-6790-5612,YXie@grtd123.com,483-16-2876,20
10802,Yang,矢沢,Gu,古,00:00.0,0001-01-01 00:00:00.0,150,00:00.0,0,86-21-6790-5612,8218,86-21-6790-5612,YGu@grtd123.com,255-83-4678,23
10104,Chin-Tsai,清采,Fang,方,00:00.0,0001-01-01 00:00:00.0,150,00:00.0,1,886-2-2975-1988,8895,886-2-2989-4978,CFang@grtd123.com,661-21-9376,39
10105,Xiangyong,向勇,Wang,王,00:00.0,0001-01-01 00:00:00.0,150,00:00.0,0,86-21-6790-5612,8894,86-21-6790-5612,XWang@grtd123.com,723-57-5991,9
10106,Fei,飞,Meng,孟,00:00.0,0001-01-01 00:00:00.0,150,00:00.0,1,86-21-6790-5612,8893,86-21-6790-5612,FMeng@grtd123.com,116-91-9499,23
10107,Walter,Walter,Taylor,Taylor,00:00.0,0001-01-01 00:00:00.0,150,00:00.0,0,'+(44) 181 2033144,3892,'+(44) 181 5030282,WTaylor@grtd123.com,172-53-8382,14
10108,Penelope,Penelope,Tamrine,Tamrine,00:00.0,0001-01-01 00:00:00.0,150,00:00.0,1,1 (403) 232-5986,2891,1 (403) 232-5831,PTamrine@grtd123.com,095-50-0746,27
10109,Humphrey,Humphrey,Willoughby,Willoughby,00:00.0,0001-01-01 00:00:00.0,150,00:00.0,0,'+(44) 181 2033144,3890,'+(44) 181 5030282,HWilloughby@grtd123.com,872-42-3330,18
10202,Patrick,Patrick,Lioutau,Lioutau,00:00.0,0001-01-01 00:00:00.0,150,00:00.0,0,'+(41) 17 12 13 11,9797,'+(41) 17 12 61 82,PLioutau@grtd123.com,751-25-6850,19
10203,Rémy,Rémy,Mallorquin,Mallorquin,00:00.0,0001-01-01 00:00:00.0,150,00:00.0,0,'+(41) 17 12 13 11,9796,'+(41) 17 12 61 82,RMallorquin@grtd123.com,860-05-3053,21
10204,Felix,Felix,Gebauer,Gebauer,00:00.0,0001-01-01 00:00:00.0,150,00:00.0,0,'+(41) 17 12 13 11,9795,'+(41) 17 12 61 82,FGebauer@grtd123.com,446-58-4236,23
10205,Jonas,Jonas,Kellerman,Kellerman,00:00.0,0001-01-01 00:00:00.0,150,00:00.0,0,'+(41) 17 12 13 11,9794,'+(41) 17 12 61 82,JKellerman@grtd123.com,126-42-6589,24
10206,Hank,Hank,Afschrift,Afschrift,00:00.0,0001-01-01 00:00:00.0,150,00:00.0,0,'+(41) 17 12 13 11,9793,'+(41) 17 12 61 82,HAfschrift@grtd123.com,868-97-7723,26
10207,Leon,Leon,Weber,Weber,00:00.0,0001-01-01 00:00:00.0,150,00:00.0,0,'+(41) 17 12 13 11,9792,'+(41) 17 12 61 82,LWeber@grtd123.com,402-28-0966,15
10552,Shujuan,淑娟,Hu,胡,00:00.0,0001-01-01 00:00:00.0,150,00:00.0,1,86-21-6790-5612,8447,86-21-6790-5612,SHu@grtd123.com,556-82-6663,16
10490,Alberto,Alberto,Pera,Pera,00:00.0,0001-01-01 00:00:00.0,150,00:00.0,0,'+(39) 02 79 53 780,7509,'+(39) 02 79 53 477,APera@grtd123.com,402-91-1527,27
10491,Lara,Lara,Broschat,Broschat,00:00.0,0001-01-01 00:00:00.0,150,00:00.0,1,'+35 94 322 3540,7508,'+35 91 548 1637,LBroschat@grtd123.com,688-53-3636,35
10604,Xiangling,祥翎,Wong,王,00:00.0,0001-01-01 00:00:00.0,150,00:00.0,1,86-21-6790-5612,8395,86-21-6790-5612,XWong@grtd123.com,568-33-3000,16
10605,Meilun,美倫,Goh,吳,00:00.0,0001-01-01 00:00:00.0,150,00:00.0,1,86-21-6790-5612,8394,86-21-6790-5612,MGoh@grtd123.com,639-85-0868,24
10606,Arthur,Arthur,Shenley,Shenley,00:00.0,0001-01-01 00:00:00.0,150,00:00.0,0,1 (617) 268-6754,2393,1 (617) 268-3464,AShenley@grtd123.com,255-89-7298,12
10708,Cai,財,Wú,吳,00:00.0,00:00.0,158,00:00.0,0,86-21-6790-5612,8291,86-21-6790-5612,CWu1@grtd123.com,019-11-5795,24
10709,Bang,邦,Zhou,周,00:00.0,00:00.0,158,00:00.0,0,886-2-2975-1988,8290,886-2-2989-4978,BZhou@grtd123.com,394-31-3271,13
10710,Karen,Karen,Donnelly,Donnelly,00:00.0,00:00.0,158,00:00.0,1,'+(61) 03 2982  4242,8289,'+(61) 03 2982  4243,KDonnelly@grtd123.com,547-09-8785,24
10711,David,David,Dolby,Dolby,00:00.0,00:00.0,152,00:00.0,0,'+(61) 03 2982  4242,8288,'+(61) 03 2982  4243,DDolby@grtd123.com,744-76-6622,17
10712,Henri,Henri,Bacchus,Bacchus,00:00.0,00:00.0,152,00:00.0,0,'+33 1 68 94 52 20,3287,'+33 1 68 94 56 60,HBacchus@grtd123.com,495-61-5467,38
10713,Rolando,Rolando,Giordano,Giordano,00:00.0,00:00.0,152,00:00.0,0,'+(39) 02 79 53 780,7286,'+(39) 02 79 53 477,RGiordano@grtd123.com,497-11-1085,27
10678,Benedikt,Benedikt,Armfelt,Armfelt,00:00.0,00:00.0,152,00:00.0,0,'+(46) 08 753 116,6321,'+(46) 08 752 592,BArmfelt@grtd123.com,625-44-0151,11
10608,Sara,Sara,Santiago,Santiago,00:00.0,0001-01-01 00:00:00.0,150,00:00.0,1,1 (617) 268-6754,2391,1 (617) 268-3464,SSantiago@grtd123.com,306-25-8672,15
10609,Conrad,Conrad,Brinkley,Brinkley,00:00.0,0001-01-01 00:00:00.0,150,00:00.0,0,1 (305) 557-4810,2390,1 (305) 557-7650,CBrinkley@grtd123.com,756-89-3980,27
10610,Janet,Janet,Danniston,Danniston,00:00.0,0001-01-01 00:00:00.0,150,00:00.0,1,1 (305) 557-4810,2389,1 (305) 557-7650,JDanniston@grtd123.com,820-67-5308,24
10611,Paul,Paul,Oberton,Oberton,00:00.0,0001-01-01 00:00:00.0,150,00:00.0,0,1 (305) 557-4810,2388,1 (305) 557-7650,POberton@grtd123.com,828-03-5928,22
10612,Agostino,Agostino,Rossi,Rossi,00:00.0,0001-01-01 00:00:00.0,150,00:00.0,0,1 (617) 268-6754,2387,1 (617) 268-3464,ARossi@grtd123.com,639-85-5428,19
10613,Andrew,Andrew,Taver,Taver,00:00.0,0001-01-01 00:00:00.0,150,00:00.0,0,1 (403) 232-5986,2386,1 (403) 232-5831,ATaver@grtd123.com,440-54-6952,17
10614,Derek,Derek,Hirsh,Hirsh,00:00.0,0001-01-01 00:00:00.0,150,00:00.0,0,1 (403) 232-5986,2385,1 (403) 232-5831,DHirsh@grtd123.com,175-50-5276,28
10615,Cindy,Cindy,Haverton,Haverton,00:00.0,0001-01-01 00:00:00.0,150,00:00.0,1,1 (403) 232-5986,2384,1 (403) 232-5831,CHaverton@grtd123.com,635-87-1699,8
10677,Bertil,Bertil,Ridderstolpe,Ridderstolpe,00:00.0,0001-01-01 00:00:00.0,150,00:00.0,0,'+(46) 08 753 116,6322,'+(46) 08 752 592,BRidderstolpe@grtd123.com,762-12-2814,10
10595,Liren,麗仁,Lim,林,00:00.0,0001-01-01 00:00:00.0,150,00:00.0,0,886-2-2975-1988,8404,886-2-2989-4978,LLim@grtd123.com,064-70-3445,31
10596,Lifang,麗芳,Tan,陈,00:00.0,0001-01-01 00:00:00.0,150,00:00.0,1,886-2-2975-1988,8403,886-2-2989-4978,LTan@grtd123.com,123-61-0011,30
10597,Minglong,明龍,Chua,蔡,00:00.0,0001-01-01 00:00:00.0,150,00:00.0,0,886-2-2975-1988,8402,886-2-2989-4978,MChua@grtd123.com,146-30-4053,17
10661,Su-Ann,素安,Cheah,素安,00:00.0,00:00.0,152,00:00.0,1,886-2-2975-1988,8224,886-2-2989-4978,SCheah@grtd123.com,099-52-5900,7
10662,Timothy,Timothy,Shavner,Shavner,00:00.0,0001-01-01 00:00:00.0,150,00:00.0,0,'+(61) 03 2982  4242,8231,'+(61) 03 2982  4243,TShavner@grtd123.com,383-30-4979,24
10630,Anna,Anna,Rizzo,Rizzo,00:00.0,0001-01-01 00:00:00.0,150,00:00.0,1,'+(39) 02 79 53 780,7369,'+(39) 02 79 53 477,ARizzo@grtd123.com,225-40-3720,23
10631,Laura,Laura,Lombardi,Lombardi,00:00.0,0001-01-01 00:00:00.0,150,00:00.0,1,'+(39) 02 79 53 780,7368,'+(39) 02 79 53 477,LLombardi@grtd123.com,857-73-9978,21
10632,Feliti,Feliti,Gallo,Gallo,00:00.0,0001-01-01 00:00:00.0,150,00:00.0,0,'+(39) 02 79 53 780,7367,'+(39) 02 79 53 477,FGallo@grtd123.com,517-44-5592,38
10633,Gabriella,Gabriella,Björnstjerna,Björnstjerna,00:00.0,0001-01-01 00:00:00.0,150,00:00.0,1,'+(46) 08 753 116,6366,'+(46) 08 752 592,GBjornstjerna@grtd123.com,894-74-4950,26
10230,Rolf,Rolf,Kodde,Kodde,00:00.0,0001-01-01 00:00:00.0,150,00:00.0,0,'+(41) 17 12 13 11,9769,'+(41) 17 12 61 82,RKodde@grtd123.com,245-56-6406,26
10231,Caprice,Caprice,Mancini,Mancini,00:00.0,0001-01-01 00:00:00.0,150,00:00.0,1,'+(41) 17 12 13 11,9768,'+(41) 17 12 61 82,CMancini@grtd123.com,590-78-8692,6
10232,Dino,Dino,Colombo,Colombo,00:00.0,0001-01-01 00:00:00.0,150,00:00.0,0,'+(41) 17 12 13 11,9767,'+(41) 17 12 61 82,DColombo@grtd123.com,834-76-7585,10
10233,Ennio,Ennio,Ricci,Ricci,00:00.0,0001-01-01 00:00:00.0,150,00:00.0,0,'+(41) 17 12 13 11,9766,'+(41) 17 12 61 82,ERicci@grtd123.com,870-44-5883,40
10234,Enrico,Enrico,Marino,Marino,00:00.0,0001-01-01 00:00:00.0,150,00:00.0,0,'+(41) 17 12 13 11,9765,'+(41) 17 12 61 82,EMarino@grtd123.com,064-42-7646,24
10235,Fabiano,Fabiano,Greco,Greco,00:00.0,0001-01-01 00:00:00.0,150,00:00.0,0,'+(41) 17 12 13 11,9764,'+(41) 17 12 61 82,FGreco@grtd123.com,048-13-1907,12
10236,Fausta,Fausta,Bruno,Bruno,00:00.0,0001-01-01 00:00:00.0,150,00:00.0,1,'+(41) 17 12 13 11,9763,'+(41) 17 12 61 82,FBruno@grtd123.com,268-06-1535,17
10237,Abram,Abram,Ruiz,Ruiz,00:00.0,0001-01-01 00:00:00.0,150,00:00.0,0,'+(41) 17 12 13 11,9762,'+(41) 17 12 61 82,ARuiz@grtd123.com,858-21-7353,6
10265,Engeltje,Engeltje,Aalfs,Aalfs,00:00.0,0001-01-01 00:00:00.0,150,00:00.0,1,'+31 (0)20 692 93 94,6734,'+31 (0)20 692 93 06,EAalfs@grtd123.com,676-13-8571,19
10198,Benjamin,Benjamin,Leroi,Leroi,00:00.0,0001-01-01 00:00:00.0,150,00:00.0,0,'+(41) 17 12 13 11,9801,'+(41) 17 12 61 82,BLeroi@grtd123.com,640-73-9809,9
10199,Bruno,Bruno,Garcia,Garcia,00:00.0,0001-01-01 00:00:00.0,150,00:00.0,0,'+(41) 17 12 13 11,9800,'+(41) 17 12 61 82,BGarcia@grtd123.com,420-95-7597,25
10200,Christophe,Christophe,Roux,Roux,00:00.0,0001-01-01 00:00:00.0,150,00:00.0,0,'+(41) 17 12 13 11,9799,'+(41) 17 12 61 82,CRoux@grtd123.com,238-50-1946,14
10201,Claude,Claude,David,David,00:00.0,0001-01-01 00:00:00.0,150,00:00.0,0,'+(41) 17 12 13 11,9798,'+(41) 17 12 61 82,CDavid@grtd123.com,848-95-9022,19
10509,Carlos,Carlos,Albiñana,Albiñana,00:00.0,0001-01-01 00:00:00.0,150,00:00.0,0,'+(41) 17 12 13 11,9490,'+(41) 17 12 61 82,CAlbinana@grtd123.com,481-80-9452,16
10510,Nicholas,Nicholas,Bichot,Bichot,00:00.0,0001-01-01 00:00:00.0,150,00:00.0,0,'+(41) 17 12 13 11,9489,'+(41) 17 12 61 82,NBichot@grtd123.com,602-14-3443,13
10511,Nicole,Nicole,Villemont,Villemont,00:00.0,0001-01-01 00:00:00.0,150,00:00.0,1,'+(49) 89 882 3456,3488,'+(49) 89 882 3455,NVillemont@grtd123.com,445-42-9885,12
10512,Amara,Amara,Keschmann,Keschmann,00:00.0,0001-01-01 00:00:00.0,150,00:00.0,1,'+(41) 17 12 13 14,3487,'+(41) 17 12 13 20,AKeschmann@grtd123.com,466-42-3925,24
10513,Pamela,Pamela,Jones,Jones,00:00.0,0001-01-01 00:00:00.0,150,00:00.0,1,'+(44) 181 2033144,3486,'+(44) 181 5030282,PJones@grtd123.com,090-60-8210,17
10465,Sophie,Sophie,Vanhaelst,Vanhaelst,00:00.0,0001-01-01 00:00:00.0,150,00:00.0,1,'+(41) 17 12 13 14,3534,'+(41) 17 12 13 20,SVanhaelst@grtd123.com,441-14-1393,15
10466,Ines,Ines,Wouters,Wouters,00:00.0,0001-01-01 00:00:00.0,150,00:00.0,1,'+(41) 17 12 13 14,3533,'+(41) 17 12 13 20,IWouters@grtd123.com,412-50-5705,25
10467,Anne,Anne,Rayet,Rayet,00:00.0,0001-01-01 00:00:00.0,150,00:00.0,1,'+(49) 40 663 1990,3532,'+(49) 40 663 4571,ARayet@grtd123.com,029-62-3584,40
10468,Sylvie,Sylvie,Leyder,Leyder,00:00.0,0001-01-01 00:00:00.0,150,00:00.0,1,'+(49) 89 882 3456,3531,'+(49) 89 882 3455,SLeyder@grtd123.com,710-99-1874,21
10469,Johan,Johan,Bakker,Bakker,00:00.0,0001-01-01 00:00:00.0,150,00:00.0,0,'+(49) 89 882 3456,3530,'+(49) 89 882 3455,JBakker@grtd123.com,677-91-1808,26
10470,Karine,Karine,Kodde,Kodde,00:00.0,0001-01-01 00:00:00.0,150,00:00.0,1,'+33 4 52 26 33 88,3529,'+33 4 66 35 98 95,KKodde@grtd123.com,831-03-0354,14
10508,Werner,Werner,Runge,Runge,00:00.0,0001-01-01 00:00:00.0,150,00:00.0,0,'+(41) 17 12 13 11,9491,'+(41) 17 12 61 82,WRunge@grtd123.com,826-98-5727,5
10729,Michael,Michael,Horak,Horak,00:00.0,00:00.0,152,00:00.0,0,'+(41) 17 12 13 14,3270,'+(41) 17 12 13 20,MHorak@grtd123.com,083-92-9897,19
10730,Hugues,Hugues,Boisseau,Boisseau,00:00.0,00:00.0,152,00:00.0,0,'+33 4 52 26 33 88,3269,'+33 4 66 35 98 95,HBoisseau@grtd123.com,593-41-0496,44
10210,Luca,Luca,Kramer,Kramer,00:00.0,0001-01-01 00:00:00.0,150,00:00.0,0,'+(41) 17 12 13 11,9789,'+(41) 17 12 61 82,LKramer@grtd123.com,220-65-9717,15
10247,Julien,Julien,Girard,Girard,00:00.0,0001-01-01 00:00:00.0,150,00:00.0,0,'+(41) 17 12 13 11,9752,'+(41) 17 12 61 82,JGirard@grtd123.com,622-77-2951,27
10248,Giselle,Giselle,Willborn,Willborn,00:00.0,0001-01-01 00:00:00.0,150,00:00.0,1,1 (403) 232-5986,2751,1 (403) 232-5831,GWillborn@grtd123.com,108-76-2099,20
10249,Emma,Emma,Sommer,Sommer,00:00.0,0001-01-01 00:00:00.0,150,00:00.0,1,1 (403) 232-5986,2750,1 (403) 232-5831,ESommer@grtd123.com,247-09-9190,16
10250,Violeta,Violeta,Aguilar,Aguilar,00:00.0,0001-01-01 00:00:00.0,150,00:00.0,1,'+55 (11) 344-4444,2749,'+55 (11) 333-2223,VAguilar@grtd123.com,641-18-8178,24
10251,Cristina,Cristina,Salazar,Salazar,00:00.0,0001-01-01 00:00:00.0,150,00:00.0,1,'+(525) 549 6090,2748,'+(52) 549 6088,CSalazar@grtd123.com,529-50-1247,21
10252,Malena,Malena,Guzman,Guzman,00:00.0,0001-01-01 00:00:00.0,150,00:00.0,1,'+(525) 549 6090,2747,'+(52) 549 6088,MGuzman@grtd123.com,271-16-9692,21
10253,Jessica,Jessica,Ortega,Ortega,00:00.0,0001-01-01 00:00:00.0,150,00:00.0,1,'+(525) 549 6090,2746,'+(52) 549 6088,JOrtega@grtd123.com,817-75-2394,22
10254,Anna,Anna,Ramirez,Ramirez,00:00.0,0001-01-01 00:00:00.0,150,00:00.0,1,'+(525) 549 6090,2745,'+(52) 549 6088,ARamirez@grtd123.com,123-41-9280,9
10110,James,James,Ross-Hythe,Ross-Hythe,00:00.0,0001-01-01 00:00:00.0,150,00:00.0,0,'+(44) 181 2033144,3889,'+(44) 181 5030282,JRoss-Hythe@grtd123.com,236-60-7505,27
10111,Polly,Polly,Linton,Linton,00:00.0,0001-01-01 00:00:00.0,150,00:00.0,1,'+(44) 121 3505267,3888,'+(44) 121 3583843,PLinton@grtd123.com,596-62-6620,36
10136,Ernst,Ernst,Aaldenberg,Aaldenberg,00:00.0,0001-01-01 00:00:00.0,150,00:00.0,0,'+31 (0)20 692 93 94,6863,'+31 (0)20 692 93 06,EAaldenberg@grtd123.com,731-03-2245,12
10137,Axel,Axel,Armfelt,Armfelt,00:00.0,0001-01-01 00:00:00.0,150,00:00.0,0,'+(46) 08 753 116,6862,'+(46) 08 752 592,AArmfelt@grtd123.com,508-48-3832,15
10138,Eduwart,Eduwart,Adams,Adams,00:00.0,0001-01-01 00:00:00.0,150,00:00.0,0,'+31 (0)20 692 93 94,6861,'+31 (0)20 692 93 06,EAdams@grtd123.com,482-46-3493,38
10139,Baltasar,Baltasar,Björnstjerna,Björnstjerna,00:00.0,0001-01-01 00:00:00.0,150,00:00.0,0,'+(46) 08 753 116,6860,'+(46) 08 752 592,BBjornstjerna@grtd123.com,459-45-6929,6
10167,Umberto,Umberto,Colombo,Colombo,00:00.0,0001-01-01 00:00:00.0,150,00:00.0,0,'+(39) 02 79 53 780,7832,'+(39) 02 79 53 477,UColombo@grtd123.com,419-80-2795,24
10168,Rolando,Rolando,Greco,Greco,00:00.0,0001-01-01 00:00:00.0,150,00:00.0,0,'+(39) 02 79 53 780,7831,'+(39) 02 79 53 477,RGreco@grtd123.com,535-82-1007,8
10169,Almut,Almut,Diederichsen,Diederichsen,00:00.0,0001-01-01 00:00:00.0,150,00:00.0,0,'+(43) 13 79 56 32,7830,'+(43) 13 79 56 33,ADiederichsen@grtd123.com,608-98-4805,17
10492,Vikki,Vikki,Lenoir,Lenoir,00:00.0,0001-01-01 00:00:00.0,150,00:00.0,1,'+(41) 17 12 13 11,9507,'+(41) 17 12 61 82,VLenoir@grtd123.com,108-51-1169,12
10493,Amy,Amy,Brown,Brown,00:00.0,0001-01-01 00:00:00.0,150,00:00.0,1,'+(41) 17 12 13 11,9506,'+(41) 17 12 61 82,ABrown@grtd123.com,232-36-1637,14
10494,Jennifer,Jennifer,Chambers,Chambers,00:00.0,0001-01-01 00:00:00.0,150,00:00.0,1,'+(41) 17 12 13 11,9505,'+(41) 17 12 61 82,JChambers@grtd123.com,607-50-9808,29
10495,Angela,Angela,Coleman,Coleman,00:00.0,0001-01-01 00:00:00.0,150,00:00.0,1,'+(41) 17 12 13 11,9504,'+(41) 17 12 61 82,AColeman@grtd123.com,738-28-2387,25
10496,Catharina,Catharina,Ceelen,Ceelen,00:00.0,0001-01-01 00:00:00.0,150,00:00.0,1,'+(41) 17 12 13 11,9503,'+(41) 17 12 61 82,CCeelen@grtd123.com,453-61-6985,36
10497,Anja,Anja,Breitfeld,Breitfeld,00:00.0,0001-01-01 00:00:00.0,150,00:00.0,1,'+(41) 17 12 13 11,9502,'+(41) 17 12 61 82,ABreitfeld@grtd123.com,314-27-3068,8
10498,Ellen,Ellen,Braun,Braun,00:00.0,0001-01-01 00:00:00.0,150,00:00.0,1,'+(41) 17 12 13 11,9501,'+(41) 17 12 61 82,EBraun@grtd123.com,367-29-3822,47
10735,Remi,Remi,Lalande,Lalande,00:00.0,00:00.0,152,00:00.0,0,'+(41) 17 12 13 11,9264,'+(41) 17 12 61 82,RLalande@grtd123.com,497-21-6269,32
10736,Drina,Drina,Delgado,Delgado,00:00.0,00:00.0,152,00:00.0,1,'+(525) 549 6090,2263,'+(52) 549 6088,DDelgado@grtd123.com,120-49-7569,28
10266,Kajsa,Kajsa,Lagerhielm,Lagerhielm,00:00.0,0001-01-01 00:00:00.0,150,00:00.0,1,'+(46) 08 753 116,6733,'+(46) 08 752 592,KLagerhielm@grtd123.com,785-14-6940,33
10267,Fytje,Fytje,Aaij,Aaij,00:00.0,0001-01-01 00:00:00.0,150,00:00.0,1,'+31 (0)20 692 93 94,6732,'+31 (0)20 692 93 06,FAaij@grtd123.com,538-98-7697,17
10268,Elsje,Elsje,Aalmers,Aalmers,00:00.0,0001-01-01 00:00:00.0,150,00:00.0,1,'+31 (0)20 692 93 94,6731,'+31 (0)20 692 93 06,EAalmers@grtd123.com,026-10-6097,14
10269,Geesje,Geesje,Herbert,Herbert,00:00.0,0001-01-01 00:00:00.0,150,00:00.0,1,'+31 (0)20 692 93 94,6730,'+31 (0)20 692 93 06,GHerbert@grtd123.com,139-43-9391,44
10270,Hansje,Hansje,Jacobs,Jacobs,00:00.0,0001-01-01 00:00:00.0,150,00:00.0,1,'+31 (0)20 692 93 94,6729,'+31 (0)20 692 93 06,HJacobs@grtd123.com,529-75-8897,19
10271,Lotta,Lotta,Silfverskiöld,Silfverskiöld,00:00.0,0001-01-01 00:00:00.0,150,00:00.0,1,'+(46) 08 753 116,6728,'+(46) 08 752 592,LSilfverskiold@grtd123.com,390-23-0761,22
10272,Lovisa,Lovisa,Svinhufvud,Svinhufvud,00:00.0,0001-01-01 00:00:00.0,150,00:00.0,1,'+(46) 08 753 116,6727,'+(46) 08 752 592,LSvinhufvud@grtd123.com,672-34-2216,22
10543,Kuo,闊,Sun,孫,00:00.0,0001-01-01 00:00:00.0,150,00:00.0,0,86-21-6790-5612,8456,86-21-6790-5612,KSun@grtd123.com,266-37-4933,20
10607,Paula,Paula,Duvalier,Duvalier,00:00.0,0001-01-01 00:00:00.0,150,00:00.0,1,1 (617) 268-6754,2392,1 (617) 268-3464,PDuvalier@grtd123.com,242-98-4566,42
10599,Guolong,國龍,Koh,许,00:00.0,0001-01-01 00:00:00.0,150,00:00.0,0,886-2-2975-1988,8400,886-2-2989-4978,GKoh@grtd123.com,438-94-8771,15
10600,He,和,Teo,张,00:00.0,0001-01-01 00:00:00.0,150,00:00.0,0,82-2-778-6587,8399,82-2-778-6586,HTeo@grtd123.com,591-51-3119,7
10601,Wuxiong,武雄,Ng,黃,00:00.0,0001-01-01 00:00:00.0,150,00:00.0,0,886-2-2975-1988,8398,886-2-2989-4978,WNg@grtd123.com,088-12-2292,11
10053,Alex,Alex,Rodriguez,Rodriguez,00:00.0,0001-01-01 00:00:00.0,150,00:00.0,0,1 (617) 268-6754,2946,1 (617) 268-3464,ARodriguez@grtd123.com,250-05-4630,33
10054,Alan,Alan,Wilcox,Wilcox,00:00.0,0001-01-01 00:00:00.0,150,00:00.0,0,1 (617) 268-6754,2945,1 (617) 268-3464,AWilcox@grtd123.com,857-72-3116,13
10055,Pierre,Pierre,Lavoie,Lavoie,00:00.0,0001-01-01 00:00:00.0,150,00:00.0,0,1 (617) 268-6754,2944,1 (617) 268-3464,PLavoie@grtd123.com,641-95-4556,35
10074,Janice,Janice,Thomas,Thomas,00:00.0,0001-01-01 00:00:00.0,150,00:00.0,1,1 (305) 557-4810,2925,1 (305) 557-7650,JThomas@grtd123.com,279-29-1240,21
10075,Julie,Julie,Béchard,Béchard,00:00.0,0001-01-01 00:00:00.0,150,00:00.0,1,'+33 4 52 26 33 88,3924,'+33 4 66 35 98 95,JBechard@grtd123.com,475-67-5103,20
10076,Florence,Florence,Martin,Martin,00:00.0,0001-01-01 00:00:00.0,150,00:00.0,1,'+(49) 89 882 3456,3923,'+(49) 89 882 3455,FMartin@grtd123.com,682-86-2550,20
10314,Marie,Marie,Sepion,Sepion,00:00.0,0001-01-01 00:00:00.0,150,00:00.0,1,'+(41) 17 12 13 11,9685,'+(41) 17 12 61 82,MSepion@grtd123.com,066-42-3742,19
10315,Marine,Marine,Trudeau,Trudeau,00:00.0,0001-01-01 00:00:00.0,150,00:00.0,1,'+(41) 17 12 13 11,9684,'+(41) 17 12 61 82,MTrudeau@grtd123.com,550-28-2371,37
10316,Freda,Freda,Schaefer,Schaefer,00:00.0,0001-01-01 00:00:00.0,150,00:00.0,1,'+(41) 17 12 13 11,9683,'+(41) 17 12 61 82,FSchaefer@grtd123.com,452-60-4902,29
10317,Heidi,Heidi,Hoenike,Hoenike,00:00.0,0001-01-01 00:00:00.0,150,00:00.0,1,'+(41) 17 12 13 11,9682,'+(41) 17 12 61 82,HHoenike@grtd123.com,363-54-0742,26
10318,Henrietta,Henrietta,Breitfeld,Breitfeld,00:00.0,0001-01-01 00:00:00.0,150,00:00.0,1,'+(41) 17 12 13 11,9681,'+(41) 17 12 61 82,HBreitfeld@grtd123.com,655-57-0333,12
10346,Fiorenza,Fiorenza,Giordano,Giordano,00:00.0,0001-01-01 00:00:00.0,150,00:00.0,1,'+(41) 17 12 13 11,9653,'+(41) 17 12 61 82,FGiordano@grtd123.com,820-46-5969,25
10347,Maisie,Maisie,Lopez,Lopez,00:00.0,0001-01-01 00:00:00.0,150,00:00.0,1,'+(41) 17 12 13 11,9652,'+(41) 17 12 61 82,MLopez@grtd123.com,667-97-2051,19
10348,Nominanda,Nominanda,Hernandez,Hernandez,00:00.0,0001-01-01 00:00:00.0,150,00:00.0,1,'+(41) 17 12 13 11,9651,'+(41) 17 12 61 82,NHernandez@grtd123.com,480-45-3518,11
10349,Lorelei,Lorelei,Wouters,Wouters,00:00.0,0001-01-01 00:00:00.0,150,00:00.0,1,'+(41) 17 12 13 11,9650,'+(41) 17 12 61 82,LWouters@grtd123.com,776-50-1478,9
10473,Giovanni,Giovanni,Nardulli,Nardulli,00:00.0,0001-01-01 00:00:00.0,150,00:00.0,0,'+(39) 02 79 53 780,7526,'+(39) 02 79 53 477,GNardulli@grtd123.com,456-12-5379,42
10474,Jose,Jose,Garcia,Garcia,00:00.0,0001-01-01 00:00:00.0,150,00:00.0,0,'+35 94 322 3540,7525,'+35 91 548 1637,JGarcia@grtd123.com,218-95-0477,8
10475,Laura,Laura,Portales,Portales,00:00.0,0001-01-01 00:00:00.0,150,00:00.0,1,'+35 94 322 3540,7524,'+35 91 548 1637,LPortales@grtd123.com,623-99-0480,11
10476,Raoul,Raoul,Hoffer,Hoffer,00:00.0,0001-01-01 00:00:00.0,150,00:00.0,0,'+(43) 13 79 56 32,7523,'+(43) 13 79 56 33,RHoffer@grtd123.com,403-98-7231,16
10477,Roberto,Roberto,Fusillo,Fusillo,00:00.0,0001-01-01 00:00:00.0,150,00:00.0,0,'+(39) 02 79 53 780,7522,'+(39) 02 79 53 477,RFusillo@grtd123.com,084-31-2056,9
10478,Claudia,Claudia,Gianni,Gianni,00:00.0,0001-01-01 00:00:00.0,150,00:00.0,1,'+(39) 02 79 53 780,7521,'+(39) 02 79 53 477,CGianni@grtd123.com,242-95-7215,35
10479,Eduardo,Eduardo,Albors,Albors,00:00.0,0001-01-01 00:00:00.0,150,00:00.0,0,'+35 94 322 3540,7520,'+35 91 548 1637,EAlbors@grtd123.com,562-20-3599,23
10553,Chengde,成德,Wú,吳,00:00.0,0001-01-01 00:00:00.0,150,00:00.0,0,86-21-6790-5612,8446,86-21-6790-5612,CWu@grtd123.com,745-98-8180,20
10554,Li,麗,Zhou,周,00:00.0,0001-01-01 00:00:00.0,150,00:00.0,1,86-21-6790-5612,8445,86-21-6790-5612,LZhou@grtd123.com,054-09-5321,22
10153,Philippe,Philippe,Lavolier,Lavolier,00:00.0,0001-01-01 00:00:00.0,150,00:00.0,0,'+33 1 68 94 52 20,3846,'+33 1 68 94 56 60,PLavolier@grtd123.com,518-27-1728,28
10154,Pierre,Pierre,Leblanc,Leblanc,00:00.0,0001-01-01 00:00:00.0,150,00:00.0,0,'+33 4 52 26 33 88,3845,'+33 4 66 35 98 95,PLeblanc@grtd123.com,894-30-8287,19
10155,Marcel,Marcel,Fouche,Fouche,00:00.0,0001-01-01 00:00:00.0,150,00:00.0,0,'+(41) 17 12 13 14,3844,'+(41) 17 12 13 20,MFouche@grtd123.com,385-05-6645,28
10156,Eberhard,Eberhard,Saltzman,Saltzman,00:00.0,0001-01-01 00:00:00.0,150,00:00.0,0,'+(41) 17 12 13 14,3843,'+(41) 17 12 13 20,ESaltzman@grtd123.com,403-28-6065,10
10157,Fritz,Fritz,Bauman,Bauman,00:00.0,0001-01-01 00:00:00.0,150,00:00.0,0,'+(41) 17 12 13 14,3842,'+(41) 17 12 13 20,FBauman@grtd123.com,448-77-1183,25
10194,Gilles,Gilles,Bacchus,Bacchus,00:00.0,0001-01-01 00:00:00.0,150,00:00.0,0,'+(41) 17 12 13 11,9805,'+(41) 17 12 61 82,GBacchus@grtd123.com,518-93-1261,31
10195,Henri,Henri,Borre,Borre,00:00.0,0001-01-01 00:00:00.0,150,00:00.0,0,'+(41) 17 12 13 11,9804,'+(41) 17 12 61 82,HBorre@grtd123.com,422-65-3495,17
10196,Bernard,Bernard,Simon,Simon,00:00.0,0001-01-01 00:00:00.0,150,00:00.0,0,'+(41) 17 12 13 11,9803,'+(41) 17 12 61 82,BSimon@grtd123.com,857-97-8990,8
10197,Bertrand,Bertrand,Michel,Michel,00:00.0,0001-01-01 00:00:00.0,150,00:00.0,0,'+(41) 17 12 13 11,9802,'+(41) 17 12 61 82,BMichel@grtd123.com,677-68-6509,37
10047,Frank,Frank,Bretton,Bretton,00:00.0,0001-01-01 00:00:00.0,150,00:00.0,0,1 (403) 232-5986,2952,1 (403) 232-5831,FBretton@grtd123.com,853-39-7695,21
10048,Georges,Georges,Saint-Germain,Saint-Germain,00:00.0,0001-01-01 00:00:00.0,150,00:00.0,0,1 (416) 493-5595,2951,1 (416) 496-9667,GSaint-Germain@grtd123.com,888-24-9109,12
10049,Carole,Carole,Claudel,Claudel,00:00.0,0001-01-01 00:00:00.0,150,00:00.0,1,1 (416) 493-5595,2950,1 (416) 496-9667,CClaudel@grtd123.com,298-67-0354,17
10050,Donald,Donald,Chow,Chow,00:00.0,0001-01-01 00:00:00.0,150,00:00.0,0,1 (416) 493-5595,2949,1 (416) 496-9667,DChow@grtd123.com,568-02-5973,41
10051,Samantha,Samantha,Pierce,Pierce,00:00.0,0001-01-01 00:00:00.0,150,00:00.0,1,1 (416) 493-5595,2948,1 (416) 496-9667,SPierce@grtd123.com,567-27-6337,11
10052,Brendon,Brendon,Pike,Pike,00:00.0,0001-01-01 00:00:00.0,150,00:00.0,0,1 (416) 493-5595,2947,1 (416) 496-9667,BPike@grtd123.com,636-94-5368,29
10399,Tammy,Tammy,Sherwood,Sherwood,00:00.0,0001-01-01 00:00:00.0,150,00:00.0,1,1 (403) 232-5986,2600,1 (403) 232-5831,TSherwood@grtd123.com,845-51-3263,15
10400,Diane,Diane,Sheppard,Sheppard,00:00.0,0001-01-01 00:00:00.0,150,00:00.0,1,1 (403) 232-5986,2599,1 (403) 232-5831,DSheppard@grtd123.com,640-88-1030,7
10401,Chris,Chris,Roach,Roach,00:00.0,0001-01-01 00:00:00.0,150,00:00.0,0,1 (403) 232-5986,2598,1 (403) 232-5831,CRoach@grtd123.com,783-70-7337,22
10731,Uwe,Uwe,Lehr,Lehr,00:00.0,00:00.0,152,00:00.0,0,'+(43) 13 79 56 32,7268,'+(43) 13 79 56 33,ULehr@grtd123.com,781-43-7258,24
10732,Rupert,Rupert,Rizzo,Rizzo,00:00.0,00:00.0,154,00:00.0,0,'+(39) 02 79 53 780,7267,'+(39) 02 79 53 477,RRizzo@grtd123.com,058-69-1321,36
10733,Hans,Hans,Becker,Becker,00:00.0,00:00.0,152,00:00.0,0,'+(49) 40 663 1990,3266,'+(49) 40 663 4571,HBecker@grtd123.com,731-94-9489,35
10734,Siegfried,Siegfried,Frohner,Frohner,00:00.0,00:00.0,152,00:00.0,0,'+(41) 17 12 13 11,9265,'+(41) 17 12 61 82,SFrohner@grtd123.com,397-18-0609,33
10220,Daniel,Daniel,Schenker,Schenker,00:00.0,0001-01-01 00:00:00.0,150,00:00.0,0,'+(41) 17 12 13 11,9779,'+(41) 17 12 61 82,DSchenker@grtd123.com,802-14-9132,15
10221,Niklas,Niklas,Schmidt,Schmidt,00:00.0,0001-01-01 00:00:00.0,150,00:00.0,0,'+(41) 17 12 13 11,9778,'+(41) 17 12 61 82,NSchmidt@grtd123.com,515-43-2112,19
10222,Dante,Dante,Allessori,Allessori,00:00.0,00:00.0,152,00:00.0,0,'+(41) 17 12 13 11,9777,'+(41) 17 12 61 82,DAllessori@grtd123.com,232-12-9187,34
10223,Emilio,Emilio,Torta,Torta,00:00.0,0001-01-01 00:00:00.0,150,00:00.0,0,'+(41) 17 12 13 11,9776,'+(41) 17 12 61 82,ETorta@grtd123.com,779-01-9913,23
10224,Lorenzo,Lorenzo,Gianni,Gianni,00:00.0,0001-01-01 00:00:00.0,150,00:00.0,0,'+(41) 17 12 13 11,9775,'+(41) 17 12 61 82,LGianni@grtd123.com,184-31-1851,33
10225,Marco,Marco,Belli,Belli,00:00.0,0001-01-01 00:00:00.0,150,00:00.0,0,'+(41) 17 12 13 11,9774,'+(41) 17 12 61 82,MBelli@grtd123.com,231-31-3162,20
10226,Raffaello,Raffaello,Belli,Belli,00:00.0,0001-01-01 00:00:00.0,150,00:00.0,0,'+(41) 17 12 13 11,9773,'+(41) 17 12 61 82,RBelli@grtd123.com,757-10-5625,27
10227,Josef,Josef,Braun,Braun,00:00.0,0001-01-01 00:00:00.0,150,00:00.0,0,'+(41) 17 12 13 11,9772,'+(41) 17 12 61 82,JBraun@grtd123.com,454-72-8116,17
10228,Kurt,Kurt,Vanhaelst,Vanhaelst,00:00.0,0001-01-01 00:00:00.0,150,00:00.0,0,'+(41) 17 12 13 11,9771,'+(41) 17 12 61 82,KVanhaelst@grtd123.com,287-79-4544,30
10116,Susanne,Susanne,Sommer,Sommer,00:00.0,0001-01-01 00:00:00.0,150,00:00.0,1,'+(44) 181 2033144,3883,'+(44) 181 5030282,SSommer@grtd123.com,432-39-1664,33
10117,Frank,Frank,Jever,Jever,00:00.0,0001-01-01 00:00:00.0,150,00:00.0,0,'+(41) 17 12 13 14,3882,'+(41) 17 12 13 20,FJever@grtd123.com,661-21-2299,15
10118,Diane,Diane,O'Reilly,O'Reilly,00:00.0,0001-01-01 00:00:00.0,150,00:00.0,1,'+(41) 17 12 13 14,3881,'+(41) 17 12 13 20,DO'Reilly@grtd123.com,236-38-2921,27
10119,Gracy,Gracy,Gellens,Gellens,00:00.0,0001-01-01 00:00:00.0,150,00:00.0,1,'+32 16 20.73.21,3880,'+32 16 20.73.32,GGellens@grtd123.com,021-37-2299,16
10273,Frida,Frida,Armfelt,Armfelt,00:00.0,0001-01-01 00:00:00.0,150,00:00.0,1,'+(46) 08 753 116,6726,'+(46) 08 752 592,FArmfelt@grtd123.com,674-99-9437,33